Age,BusinessTravel,DailyRate,Department,DistanceFromHome,Education,EducationField,EnvironmentSatisfaction,Gender,HourlyRate,JobInvolvement,JobLevel,JobRole,JobSatisfaction,MaritalStatus,MonthlyIncome,MonthlyRate,NumCompaniesWorked,OverTime,PercentSalaryHike,PerformanceRating,RelationshipSatisfaction,StockOptionLevel,TotalWorkingYears,TrainingTimesLastYear,WorkLifeBalance,YearsAtCompany,YearsInCurrentRole,YearsSinceLastPromotion,YearsWithCurrManager
50,2,1126,1,1,2,3,4,1,66,3,4,5,4,0,17399,6615,9,0,22,4,3,1,32,1,2,5,4,1,3
36,2,216,1,6,2,3,2,1,84,3,2,4,2,0,4941,2819,6,0,20,4,4,2,7,0,3,3,2,0,1
21,2,337,2,7,1,2,2,1,31,3,1,8,2,2,2679,4567,1,0,13,3,2,0,1,3,3,1,0,1,0
50,1,1246,0,3,3,3,1,1,99,3,5,3,2,1,18200,7999,1,0,11,3,3,1,32,2,3,32,5,10,7
52,2,994,1,7,4,1,2,1,87,3,3,0,2,2,10445,15322,7,0,19,3,4,0,18,4,3,8,6,4,0
33,2,1277,1,15,1,3,2,1,56,3,3,3,3,1,13610,24619,7,1,12,3,4,0,15,2,4,7,6,7,7
47,2,1001,1,4,3,1,3,0,92,2,3,4,2,0,10333,19271,8,1,12,3,3,1,28,4,3,22,11,14,10
22,2,1230,1,1,2,1,4,1,33,2,2,4,4,1,4775,19146,6,0,22,4,1,2,4,2,1,2,2,2,2
28,2,890,1,2,4,3,3,1,46,3,1,6,3,2,4382,16374,6,0,17,3,4,0,5,3,2,2,2,2,1
33,0,530,2,16,3,1,3,0,36,3,2,7,4,0,5368,16130,1,1,25,4,3,1,7,2,3,6,5,1,2
40,2,630,2,4,4,2,3,1,67,2,3,7,4,1,10855,8552,7,0,11,3,1,1,15,2,2,12,11,2,11
27,1,793,2,2,1,1,4,1,43,1,2,7,4,2,5071,20392,3,0,20,4,2,0,8,3,3,6,2,0,0
40,2,543,1,1,4,1,1,1,83,3,1,2,4,1,2406,4060,8,0,19,3,3,2,8,3,2,1,0,0,0
55,1,1091,1,2,1,1,4,1,65,3,3,4,2,1,10976,15813,3,0,18,3,2,1,23,4,3,3,2,1,2
33,2,1017,1,25,3,3,1,1,55,2,1,6,2,2,2313,2993,4,1,20,4,2,0,5,0,3,2,2,2,2
37,2,625,2,1,4,1,1,1,46,2,3,7,3,1,10609,14922,5,0,11,3,3,0,17,2,1,14,1,11,7
34,2,511,2,3,2,1,4,0,32,1,2,7,4,2,6029,25353,5,0,12,3,1,0,6,3,3,2,2,2,2
46,2,168,2,4,2,2,4,0,33,2,5,3,2,1,18789,9946,2,0,14,3,3,1,26,2,3,11,4,0,8
38,2,1245,2,14,3,1,3,1,80,3,2,7,2,1,9924,12355,0,0,11,3,4,1,10,3,3,9,8,7,7
30,2,1138,1,6,3,5,1,0,48,2,2,2,4,1,4627,23631,0,0,12,3,1,1,10,6,3,9,2,6,7
34,2,829,0,3,2,0,3,1,88,3,1,1,4,1,3737,2243,0,0,19,3,3,1,4,1,1,3,2,0,2
34,2,1130,1,3,3,1,4,0,66,3,2,6,2,0,5433,19332,1,0,12,3,3,1,11,2,3,11,8,7,9
36,0,301,2,15,4,2,4,1,88,1,2,7,4,0,5406,10436,1,0,24,4,1,1,15,4,2,15,12,11,11
35,2,1146,0,26,4,1,3,0,31,3,3,1,4,2,8837,16642,1,1,16,3,3,0,9,2,3,9,0,1,7
35,2,1276,1,16,3,1,4,1,72,3,3,0,3,1,7632,14295,4,1,12,3,3,0,10,2,3,8,7,0,0
40,2,611,2,7,4,3,2,1,88,3,5,3,2,2,19833,4349,1,0,14,3,2,0,21,3,2,21,8,12,8
24,2,1353,2,3,2,4,1,0,33,3,2,7,3,1,4999,17519,0,0,21,4,1,1,4,2,2,3,2,0,2
53,2,1376,2,2,2,3,3,1,45,3,4,3,3,0,14852,13938,6,0,13,3,3,1,22,3,4,17,13,15,2
32,2,977,1,2,3,3,4,1,45,3,2,6,2,0,5470,25518,0,0,13,3,3,2,10,4,2,9,5,1,6
28,1,289,1,2,2,3,3,1,38,2,1,2,1,2,2561,5355,7,0,11,3,3,0,8,2,2,0,0,0,0
55,2,1229,1,4,4,1,4,1,30,3,2,0,3,1,4035,16143,0,1,16,3,2,0,4,2,3,3,2,1,2
30,2,317,1,2,3,1,3,0,43,1,2,4,4,2,6091,24793,2,0,20,4,3,0,11,2,3,5,4,0,2
26,1,887,1,5,2,3,3,0,88,2,1,6,3,1,2366,20898,1,1,14,3,1,1,8,2,3,8,7,1,7
23,2,1243,1,6,3,1,3,1,63,4,1,2,1,1,1601,3445,1,1,21,4,3,2,1,2,3,0,0,0,0
51,2,1169,1,7,4,3,2,1,34,2,2,4,3,1,6132,13983,2,0,17,3,3,0,10,2,3,1,0,0,0
42,2,932,1,1,2,1,4,0,43,2,2,4,4,1,6062,4051,9,1,13,3,4,1,8,4,3,4,3,0,2
35,2,1343,1,27,1,3,3,0,53,2,1,6,1,2,2559,17852,1,0,11,3,4,0,6,3,2,6,5,1,1
35,2,619,2,1,3,2,2,1,85,3,2,7,3,1,4717,18659,9,0,11,3,3,0,15,2,3,11,9,6,9
20,2,1362,1,10,1,3,4,1,32,3,1,6,3,2,1009,26999,1,1,11,3,4,0,1,5,3,1,0,1,1
28,2,736,2,26,3,1,3,1,48,2,2,7,1,1,4724,24232,1,0,11,3,3,1,5,0,3,5,3,0,4
29,2,942,1,15,1,1,2,0,69,1,1,6,4,1,2168,26933,0,1,18,3,1,1,6,2,2,5,4,1,3
43,2,982,1,12,3,1,1,1,59,2,4,5,2,0,14336,4345,1,0,11,3,3,1,25,3,3,25,10,3,9
40,1,902,1,26,2,3,3,0,92,2,2,6,4,1,4422,21203,3,1,13,3,4,1,16,3,1,1,1,0,0
29,2,1401,1,6,1,3,2,0,54,3,1,2,4,1,3131,26342,1,0,13,3,1,1,10,5,3,10,8,0,8
46,2,1319,2,3,3,5,1,0,45,4,4,7,1,0,13225,7739,2,0,12,3,4,1,25,5,3,19,17,2,8
44,1,429,1,1,2,3,3,1,99,3,1,6,2,0,2342,11092,1,1,12,3,3,3,6,2,2,5,3,2,3
47,2,359,1,2,4,3,1,0,82,3,4,5,3,1,17169,26703,3,0,19,3,2,2,26,2,4,20,17,5,6
32,1,430,1,24,4,1,1,1,80,3,2,2,4,1,5309,21146,1,0,15,3,4,2,10,2,3,10,8,4,7
38,2,362,1,1,1,1,3,0,43,3,1,6,1,2,2619,14561,3,0,17,3,4,0,8,3,2,0,0,0,0
51,2,770,0,5,3,1,3,1,84,3,4,3,2,0,14026,17588,1,1,11,3,2,1,33,2,3,33,9,0,10
58,0,390,1,1,4,1,4,1,32,1,2,0,3,0,5660,17056,2,1,13,3,4,1,12,2,3,5,3,1,2
35,2,195,2,1,3,3,1,0,80,3,2,7,3,2,4859,6698,1,0,16,3,4,0,5,3,3,5,4,0,3
45,2,1448,1,29,3,5,2,1,55,3,3,4,4,1,9380,14720,4,1,18,3,4,2,10,4,4,3,1,1,2
56,2,832,1,9,3,3,3,1,81,3,4,0,4,1,11103,20420,7,0,11,3,3,0,30,1,2,10,7,1,1
37,2,124,1,3,3,4,4,0,35,3,2,0,2,2,4107,13848,3,0,15,3,1,0,8,3,2,4,3,0,1
37,1,1278,2,1,4,3,3,1,31,1,2,7,4,0,9525,7677,1,0,14,3,3,2,6,2,2,6,3,1,3
39,2,903,2,2,5,1,1,1,41,4,3,7,3,2,7880,2560,0,0,18,3,4,0,9,3,3,8,7,0,7
35,2,819,1,2,3,1,3,1,44,2,3,4,2,0,10274,19588,2,0,18,3,2,1,15,2,4,7,7,6,4
54,2,1082,2,2,4,1,3,0,41,2,3,7,3,1,10686,8392,6,0,11,3,2,1,13,4,3,9,4,7,0
32,0,1109,1,29,4,3,4,0,69,3,1,2,3,2,4025,11135,9,0,12,3,2,0,10,2,3,8,7,7,7
48,2,530,2,29,1,3,1,0,91,3,3,3,3,1,12504,23978,3,0,21,4,2,1,15,3,1,0,0,0,0
33,1,827,1,1,4,4,3,0,84,4,2,0,2,1,5488,20161,1,1,13,3,1,1,6,2,3,6,5,1,2
31,2,249,2,6,4,1,2,1,76,1,2,7,3,1,6172,20739,4,1,18,3,2,0,12,3,2,7,7,7,7
46,2,526,2,1,2,2,2,0,92,3,3,7,1,0,10453,2137,1,0,25,4,3,3,24,2,3,24,13,15,7
38,2,688,1,23,4,1,4,1,82,3,2,0,4,0,5745,18899,9,0,14,3,2,1,10,2,3,2,2,1,2
38,2,1321,2,1,4,1,4,1,86,3,2,7,2,1,4440,7636,0,0,15,3,1,2,16,3,3,15,13,5,8
43,2,1179,2,2,3,3,4,1,73,3,2,7,4,1,7847,6069,1,1,17,3,1,1,10,3,3,10,9,8,8
37,1,889,1,9,3,3,2,1,53,3,1,6,4,1,2326,11411,1,1,12,3,3,3,4,3,2,4,2,1,2
39,2,1162,2,3,2,3,4,0,41,3,2,7,3,1,5238,17778,4,1,18,3,1,0,12,3,2,1,0,0,0
28,2,1169,0,8,2,3,2,1,63,2,1,1,4,0,4936,23965,1,0,13,3,4,1,6,6,3,5,1,0,4
35,1,1199,1,18,4,1,3,1,80,3,2,0,3,1,5689,24594,1,1,14,3,4,2,10,2,4,10,2,0,2
30,2,288,1,2,3,1,3,1,99,2,2,0,4,1,4152,15830,1,0,19,3,1,3,11,3,3,11,10,10,8
39,2,412,1,13,4,3,3,0,94,2,4,3,2,0,17123,17334,6,1,13,3,4,2,21,4,3,19,9,15,2
43,2,823,1,6,3,3,1,0,81,2,5,3,3,1,19392,22539,7,0,13,3,4,0,21,2,3,16,12,6,14
27,2,975,1,7,3,3,4,0,55,2,2,0,1,2,6811,23398,8,0,19,3,1,0,9,2,1,7,6,0,7
42,2,462,2,14,2,3,3,0,68,2,2,7,3,2,6244,7824,7,0,17,3,1,0,10,6,3,5,4,0,3
31,2,471,1,4,3,3,1,0,62,4,1,2,3,0,3978,16031,8,0,12,3,2,1,4,0,2,2,2,2,2
39,2,1122,1,6,3,3,4,1,70,3,1,2,1,1,2404,4303,7,1,21,4,4,0,8,2,1,2,2,2,2
29,2,694,1,1,3,1,4,0,87,2,4,5,4,0,16124,3423,3,0,14,3,2,2,9,2,2,7,7,1,7
49,1,636,1,10,4,1,3,0,35,3,5,5,1,2,18665,25594,9,1,11,3,4,0,22,4,3,3,2,1,2
38,2,1404,2,1,3,1,1,1,59,2,1,8,1,2,2858,11473,4,0,14,3,1,0,20,3,2,1,0,0,0
35,2,1395,1,9,4,3,2,1,48,3,2,6,3,2,5098,18698,1,0,19,3,2,0,10,5,3,10,7,0,8
42,2,810,1,23,5,1,1,0,44,3,4,5,4,2,15992,15901,2,0,14,3,2,0,16,2,3,1,0,0,0
31,1,561,1,3,3,1,4,0,33,3,1,6,3,2,4084,4156,1,0,12,3,1,0,7,2,1,7,2,7,7
34,2,1239,2,13,4,3,4,1,39,3,3,7,3,0,8628,22914,1,0,18,3,3,1,9,2,2,8,7,1,1
36,2,1425,1,14,1,1,3,1,68,3,2,0,4,1,6586,4821,0,1,17,3,1,1,17,2,2,16,8,4,11
27,1,829,2,8,1,2,3,1,84,3,2,7,4,1,4342,24008,0,0,19,3,2,1,5,3,3,4,2,1,1
40,0,1094,2,28,3,4,3,1,58,1,3,7,1,0,10932,11373,3,0,15,3,3,1,20,2,3,1,0,0,1
34,2,971,2,1,3,5,4,1,64,2,3,7,3,1,7083,12288,1,1,14,3,4,0,10,3,3,10,9,8,6
43,2,1001,1,7,3,1,3,0,43,3,3,0,1,1,9985,9262,8,0,16,3,1,1,10,1,2,1,0,0,0
31,2,326,2,8,2,1,1,1,31,3,3,7,4,0,10793,8386,1,0,18,3,1,1,13,5,3,13,7,9,9
41,2,642,1,1,3,1,4,1,76,3,1,6,4,1,2782,21412,3,0,22,4,1,1,12,3,3,5,3,1,0
31,1,1125,1,1,3,1,4,1,48,1,2,6,1,1,5003,5771,1,0,21,4,2,0,10,6,3,10,8,8,7
45,1,1297,1,1,4,3,2,1,44,3,2,0,3,2,5399,14511,4,0,12,3,3,0,12,3,3,4,2,0,3
33,1,508,2,10,3,2,2,1,46,2,2,7,4,2,4682,4317,3,0,14,3,3,0,9,6,2,7,7,0,1
27,2,1220,1,5,3,1,3,0,85,3,1,6,2,2,2478,20938,1,1,12,3,2,0,4,2,2,4,3,1,2
36,1,884,1,23,2,3,3,1,41,4,2,2,4,1,2571,12290,4,0,17,3,3,1,17,3,3,5,2,0,3
33,2,267,1,21,3,3,2,1,79,4,1,2,2,1,2028,13637,1,0,18,3,4,3,14,6,3,14,11,2,13
31,2,670,1,26,1,1,1,1,31,3,1,6,3,0,2911,15170,1,0,17,3,4,1,5,1,2,5,2,4,3
19,1,602,2,1,1,5,3,0,100,1,1,8,1,2,2325,20989,0,0,21,4,1,0,1,5,4,0,0,0,0
32,1,1311,1,7,3,1,2,1,100,4,1,2,2,1,2794,26062,1,0,20,4,3,0,5,3,1,5,1,0,3
36,0,217,1,18,4,1,1,1,78,3,2,4,4,2,7779,23238,2,0,20,4,1,0,18,0,3,11,9,0,9
37,2,1239,0,8,2,4,3,1,89,3,2,1,2,0,4071,12832,2,0,13,3,3,0,19,4,2,10,0,4,7
28,2,1144,2,10,1,3,4,1,74,3,1,8,2,1,1052,23384,1,0,22,4,2,0,1,5,3,1,0,0,0
25,2,959,2,28,3,1,1,1,41,2,2,7,3,1,8639,24835,2,0,18,3,4,0,6,3,3,2,2,2,2
29,2,805,1,1,2,1,2,0,36,2,1,2,1,1,2319,6689,1,1,11,3,4,1,1,1,3,1,0,0,0
29,2,1107,1,28,4,1,3,0,93,3,1,6,4,0,2514,26968,4,0,22,4,1,1,11,1,3,7,5,1,7
41,0,247,1,7,1,1,2,0,55,1,5,5,3,0,19973,20284,1,0,22,4,2,2,21,3,3,21,16,5,10
30,2,1240,0,9,3,0,3,1,48,3,2,1,4,1,6347,13982,0,1,19,3,4,0,12,2,1,11,9,4,7
39,2,1253,1,10,1,3,3,1,65,3,3,5,3,2,13464,7914,7,0,21,4,3,0,9,3,3,4,3,2,2
22,2,1294,1,8,1,3,3,0,79,3,1,2,1,1,2398,15999,1,1,17,3,3,0,1,6,3,1,0,0,0
31,0,979,1,1,4,3,3,1,90,1,2,4,3,1,4345,4381,0,0,12,3,4,1,6,2,3,5,4,1,4
45,2,1234,2,11,2,1,4,0,90,3,4,3,4,1,17650,5404,3,0,13,3,2,1,26,4,4,9,3,1,1
42,1,532,1,29,2,1,1,0,92,3,2,6,3,0,4556,12932,2,0,11,3,2,1,19,3,3,5,4,0,2
31,1,798,1,7,2,1,3,0,48,2,3,4,3,1,8943,14034,1,0,24,4,1,1,10,2,3,10,9,8,9
51,2,1302,1,2,3,3,4,1,84,1,2,4,2,0,5482,16321,5,0,18,3,4,1,13,3,3,4,1,1,2
34,1,669,1,1,3,3,4,1,97,2,2,0,1,2,5343,25755,0,0,20,4,3,0,14,3,3,13,9,4,9
33,0,722,2,17,3,1,4,1,38,3,4,3,3,2,17444,20489,1,0,11,3,4,0,10,2,3,10,8,6,0
35,2,1224,2,7,4,1,3,0,55,3,2,7,4,1,5204,13586,1,1,11,3,4,0,10,2,3,10,8,0,9
40,2,444,2,2,2,2,2,0,92,3,2,7,2,1,5677,4258,3,0,14,3,3,1,15,4,3,11,8,5,10
33,2,536,2,10,5,2,4,1,82,4,3,7,3,0,8380,21708,0,1,14,3,4,2,10,3,3,9,8,0,8
34,2,1400,2,9,1,1,2,0,70,3,2,7,3,1,5714,5829,1,0,20,4,1,0,6,3,2,6,5,1,3
34,2,1397,1,1,5,1,2,1,42,3,1,6,4,1,2691,7660,1,0,12,3,4,1,10,4,2,10,9,8,8
30,2,153,1,8,2,1,2,0,73,4,3,5,1,1,11416,17802,0,1,12,3,3,3,9,4,2,8,7,1,7
33,1,1392,1,3,4,1,4,0,56,3,1,6,3,1,2909,23159,1,1,11,3,3,0,8,3,3,8,7,3,0
45,0,248,1,23,2,1,4,1,42,3,2,2,1,1,3633,14039,1,1,15,3,3,1,9,2,3,9,8,0,8
37,0,142,2,9,4,3,1,1,69,3,3,7,2,0,8834,24666,1,0,13,3,4,1,9,6,3,9,5,7,7
31,2,691,2,7,3,2,4,1,73,3,2,7,4,0,7547,7143,4,0,12,3,4,3,13,3,3,7,7,1,7
32,1,1005,1,2,2,1,4,1,79,3,1,2,4,2,3068,11864,0,0,13,3,3,0,8,2,2,7,7,3,6
28,2,640,1,1,3,5,4,1,84,3,1,6,1,2,2080,4732,2,0,11,3,2,0,5,2,2,3,2,1,2
26,2,683,1,2,1,3,1,1,36,2,1,6,4,2,3904,4050,0,0,12,3,4,0,5,2,3,4,3,1,1
30,2,138,1,22,3,1,1,0,48,3,1,6,3,1,2132,11539,4,1,11,3,2,0,7,2,3,5,2,0,1
33,1,1141,2,1,3,1,3,0,42,4,2,7,1,1,5376,3193,2,0,19,3,1,2,10,3,3,5,3,1,3
38,2,168,1,1,3,1,3,0,81,3,3,4,3,2,7861,15397,4,1,14,3,4,0,10,4,4,1,0,0,0
41,2,1411,1,19,2,1,3,1,36,3,2,6,1,0,3072,19877,2,0,16,3,1,2,17,2,2,1,0,0,0
51,1,1150,1,8,4,1,1,1,53,1,3,4,4,2,10650,25150,2,0,15,3,4,0,18,2,3,4,2,0,3
38,1,471,1,12,3,1,1,1,45,2,2,0,1,0,6288,4284,2,0,15,3,3,1,13,3,2,4,3,1,2
27,2,728,2,23,1,3,2,0,36,2,2,8,3,1,3540,7018,1,0,21,4,4,1,9,5,3,9,8,5,8
53,2,102,1,23,4,1,4,0,72,3,4,5,4,2,14275,20206,6,0,18,3,3,0,33,0,3,12,9,3,8
30,2,1358,2,16,1,1,4,1,96,3,2,7,3,1,5301,2939,8,0,15,3,3,2,4,2,2,2,1,2,2
30,2,945,2,9,3,3,2,1,89,3,1,8,4,2,1081,16019,1,0,13,3,3,0,1,3,2,1,0,0,0
30,2,921,1,1,3,1,4,1,38,1,1,2,3,1,3833,24375,3,0,21,4,3,2,7,2,3,2,2,0,2
58,2,1055,1,1,3,3,4,0,76,3,5,5,1,1,19701,22456,3,1,21,4,3,1,32,3,3,9,8,1,5
34,2,216,2,1,4,2,2,1,75,4,2,7,4,0,9725,12278,0,0,11,3,4,1,16,2,2,15,1,0,9
26,1,1096,1,6,3,4,3,1,61,4,1,2,4,1,2544,7102,0,0,18,3,1,1,8,3,3,7,7,7,7
51,2,1178,2,14,2,1,3,0,87,3,2,7,4,1,4936,14862,4,0,11,3,3,1,18,2,2,7,7,0,7
39,2,117,1,10,1,3,3,1,99,3,4,3,1,1,17068,5355,1,1,14,3,4,0,21,3,3,21,9,11,10
36,0,635,2,10,4,3,2,1,32,3,3,7,4,2,9980,15318,1,0,14,3,4,0,10,3,2,10,3,9,7
32,2,588,2,8,2,5,3,0,65,2,2,7,2,1,5228,24624,1,1,11,3,4,0,13,2,3,13,12,11,9
56,1,1240,1,9,3,3,1,0,63,3,1,6,3,1,2942,12154,2,0,19,3,2,1,18,4,3,5,4,0,3
57,2,405,1,1,2,1,2,1,93,4,2,6,3,1,4900,2721,0,0,24,4,1,1,13,2,2,12,9,2,8
57,2,210,2,29,3,2,1,1,56,2,4,3,4,0,14118,22102,3,0,12,3,3,1,32,3,2,1,0,0,0
40,2,804,1,2,1,3,4,0,86,2,1,6,4,2,2342,22929,0,1,20,4,4,0,5,2,2,4,2,2,3
23,1,638,2,9,3,2,4,1,33,3,1,8,1,1,1790,26956,1,0,19,3,1,1,1,3,2,1,0,1,0
53,2,1395,1,24,4,3,2,1,48,4,3,0,4,1,7005,3458,3,0,15,3,3,0,11,2,3,4,3,1,2
38,1,148,1,2,3,3,4,0,42,2,1,2,2,2,2440,23826,1,0,22,4,2,0,4,3,3,4,3,3,3
36,2,1041,0,13,3,0,3,1,36,3,1,1,2,1,2143,25527,4,0,13,3,2,1,8,2,3,5,2,0,4
29,1,1413,2,1,1,3,2,0,42,3,3,7,4,1,7918,6599,1,0,14,3,4,1,11,5,3,11,10,4,1
38,2,201,1,10,3,3,2,0,99,1,3,5,3,1,13206,3376,3,0,12,3,1,1,20,3,3,18,16,1,11
47,2,1180,1,25,3,3,1,1,84,3,3,0,3,2,8633,13084,2,0,23,4,2,0,25,3,3,17,14,12,11
32,2,1089,1,7,2,1,4,1,79,3,2,2,3,1,4883,22845,1,0,18,3,1,1,10,3,3,10,4,1,1
35,2,819,1,18,5,1,2,1,48,4,2,6,1,1,5208,26312,1,0,11,3,4,0,16,2,3,16,15,1,10
36,1,1195,1,11,3,1,2,1,95,2,2,4,2,2,6499,22656,1,0,13,3,3,0,6,3,3,6,5,0,3
49,1,1475,1,28,2,1,1,1,97,2,2,2,1,2,4284,22710,3,0,20,4,1,0,20,2,3,4,3,1,3
34,2,121,1,2,4,3,3,0,86,2,1,6,1,2,4381,7530,1,0,11,3,3,0,6,3,3,6,5,1,3
39,2,524,1,18,2,1,1,1,32,3,2,4,3,2,4534,13352,0,0,11,3,1,0,9,6,3,8,7,1,7
30,0,829,1,1,1,1,3,1,88,2,3,4,3,2,8474,20925,1,0,22,4,3,0,12,2,3,11,8,5,8
51,1,541,2,2,3,2,2,1,52,3,3,7,2,1,10596,15395,2,0,11,3,2,0,14,5,3,4,2,3,2
35,2,735,1,6,1,1,3,1,66,3,1,6,3,1,3506,6020,0,1,14,3,4,0,4,3,3,3,2,2,2
60,2,1179,2,16,4,2,1,1,84,3,2,7,1,2,5405,11924,8,0,14,3,4,0,10,1,3,2,2,2,2
50,1,878,2,1,4,1,2,1,94,3,2,7,3,0,6728,14255,7,0,12,3,4,2,12,3,3,6,3,0,1
45,2,950,1,28,3,5,4,1,97,3,1,6,4,1,2132,4585,4,0,20,4,4,1,8,3,3,5,4,0,3
56,2,1400,1,7,3,1,4,1,49,1,3,4,4,2,7260,21698,4,0,11,3,1,0,37,3,2,6,4,0,2
46,2,706,1,2,2,1,4,1,82,3,3,4,4,0,8578,19989,3,0,14,3,3,1,12,4,2,9,8,4,7
42,2,855,1,12,3,3,2,1,57,3,1,2,2,0,2766,8952,8,0,22,4,2,3,7,6,2,5,3,0,4
60,2,370,1,1,4,3,3,1,92,1,3,0,4,0,10883,20467,3,0,20,4,3,1,19,2,4,1,0,0,0
25,2,141,2,3,1,4,3,1,98,3,2,7,1,1,4194,14363,1,1,18,3,4,0,5,3,3,5,3,0,3
28,0,280,0,1,2,1,3,1,43,3,1,1,4,0,2706,10494,1,0,15,3,2,1,3,2,3,3,2,2,2
53,2,607,1,2,5,5,3,0,78,2,3,4,4,1,10169,14618,0,0,16,3,2,1,34,4,3,33,7,1,9
39,2,867,1,9,2,3,1,1,87,3,2,4,1,1,5151,12315,1,0,25,4,4,1,10,3,3,10,0,7,9
48,2,1224,1,10,3,1,4,1,91,2,5,5,2,1,19665,13583,4,0,12,3,4,0,29,3,3,22,10,12,9
37,2,228,2,6,4,3,3,1,98,3,2,7,4,1,6502,22825,4,0,14,3,2,1,7,5,4,5,4,0,1
41,1,1200,1,22,3,1,4,0,75,3,2,6,4,0,5467,13953,3,1,14,3,1,2,12,4,2,6,2,3,3
21,0,895,2,9,2,3,1,1,39,3,1,8,4,2,2610,2851,1,0,24,4,3,0,3,3,2,3,2,2,2
32,2,117,2,13,4,1,2,1,73,3,2,7,4,0,4403,9250,2,0,11,3,3,1,8,3,2,5,2,0,3
37,2,1373,1,2,2,4,4,1,92,2,1,2,3,2,2090,2396,6,1,15,3,2,0,7,3,3,0,0,0,0
59,2,1324,1,3,3,3,3,0,81,4,1,2,1,1,2670,9964,4,1,20,4,1,3,12,3,2,1,0,0,0
45,1,1249,1,7,3,1,1,1,97,3,3,2,1,0,5210,20308,1,0,18,3,1,1,24,2,3,24,9,9,11
35,1,130,1,25,4,1,4,0,96,3,1,6,2,0,2022,16612,1,1,19,3,1,1,10,3,2,10,2,7,8
36,1,469,1,3,3,5,3,1,46,3,1,6,2,1,3692,9256,1,0,12,3,3,0,12,2,2,11,10,0,7
41,2,930,2,3,3,1,3,1,57,2,2,7,2,0,8938,12227,2,0,11,3,3,1,14,5,3,5,4,0,4
41,2,896,2,6,3,1,4,0,75,3,3,3,4,2,13591,14674,3,1,18,3,3,0,16,3,3,1,0,0,0
42,2,603,1,7,4,3,2,0,78,4,2,6,2,1,2372,5628,6,1,16,3,4,0,18,2,3,1,0,0,0
42,2,691,2,8,4,2,3,1,48,3,2,7,2,1,6825,21173,0,0,11,3,4,1,10,2,3,9,7,4,2
24,0,830,2,13,2,1,4,0,78,3,1,8,2,1,2033,7103,1,0,13,3,3,1,1,2,3,1,0,0,0
33,2,603,2,9,4,2,1,0,77,3,2,7,1,2,8224,18385,0,1,17,3,1,0,6,3,3,5,2,0,3
43,1,422,1,1,3,1,4,0,33,3,2,0,4,1,5562,21782,4,0,13,3,2,1,12,2,2,5,2,2,2
25,2,583,2,4,1,2,3,1,87,2,2,7,1,1,4256,18154,1,0,12,3,1,0,5,1,4,5,2,0,3
38,1,1391,1,10,1,3,3,1,66,3,1,6,3,1,2684,12127,0,0,17,3,2,1,3,0,2,2,1,0,2
33,2,516,1,8,5,1,4,1,69,3,2,0,3,2,6388,22049,2,1,17,3,1,0,14,6,3,0,0,0,0
53,2,661,2,7,2,2,1,0,78,2,3,7,4,1,10934,20715,7,1,18,3,4,1,35,3,3,5,2,0,4
43,1,1082,1,27,3,1,3,0,83,3,3,4,1,1,10820,11535,8,0,11,3,3,1,18,1,3,8,7,0,1
42,2,269,1,2,3,3,4,0,56,2,1,2,1,0,2593,8007,0,1,11,3,3,1,10,4,3,9,6,7,8
53,2,1282,1,5,3,4,3,0,58,3,5,3,3,0,19094,10735,4,0,11,3,4,1,26,3,2,14,13,4,8
29,2,318,1,8,4,4,2,1,77,1,1,2,1,1,2119,4759,1,1,11,3,4,0,7,4,2,7,7,0,7
29,2,657,1,27,3,3,2,0,66,3,2,0,3,1,4335,25549,4,0,12,3,1,1,11,3,2,8,7,1,1
37,2,408,1,19,2,1,2,1,73,3,1,6,2,1,3022,10227,4,0,21,4,1,0,8,1,3,1,0,0,0
50,1,1115,1,1,3,1,1,0,73,3,5,5,2,1,18172,9755,3,1,19,3,1,0,28,1,2,8,3,0,7
29,0,746,2,2,3,1,4,1,61,3,2,7,3,1,4649,16928,1,0,14,3,1,1,4,3,2,4,3,0,2
33,1,515,1,1,2,1,1,0,98,3,3,5,4,2,13458,15146,1,1,12,3,3,0,15,1,3,15,14,8,12
55,0,444,1,2,1,3,3,1,40,2,4,3,1,2,16756,17323,7,0,15,3,2,0,31,3,4,9,7,6,2
51,2,1469,1,8,4,1,2,1,81,2,3,5,2,1,12490,15736,5,0,16,3,4,2,16,5,1,10,9,4,7
30,1,1312,1,23,3,1,1,1,96,1,1,6,3,0,2613,22310,1,0,25,4,3,3,10,2,2,10,7,0,9
49,2,1098,1,4,2,3,1,1,85,2,5,3,3,1,18711,12124,2,0,13,3,3,1,23,2,4,1,0,0,0
47,1,1379,1,16,4,3,3,1,64,4,2,4,3,0,5067,6759,1,1,19,3,3,0,20,3,4,19,10,2,7
31,2,1082,1,1,4,3,3,1,87,3,1,6,2,2,2501,18775,1,0,17,3,2,0,1,4,3,1,1,1,0
47,2,207,1,9,4,1,2,0,64,3,1,2,3,2,2105,5411,4,0,12,3,3,0,7,2,3,2,2,2,0
58,2,848,1,23,4,1,1,1,88,3,1,6,3,0,2372,26076,1,0,12,3,4,2,2,3,3,2,2,2,2
41,2,1360,1,12,3,5,2,0,49,3,5,5,3,1,19545,16280,1,0,12,3,4,0,23,0,3,22,15,15,8
29,2,468,1,28,4,3,4,0,73,2,1,6,1,2,3785,8489,1,0,14,3,2,0,5,3,1,5,4,0,4
50,2,1207,1,28,1,3,4,1,74,4,1,2,3,1,3221,3297,1,1,11,3,3,3,20,3,3,20,8,3,8
32,2,267,1,29,4,1,3,0,49,2,1,2,2,2,2837,15919,1,0,13,3,3,0,6,3,3,6,2,4,1
44,2,1313,1,7,3,3,2,0,31,3,5,5,4,0,19049,3549,0,1,14,3,4,1,23,4,2,22,7,1,10
38,2,433,0,1,3,0,3,1,37,4,1,1,3,1,2844,6004,1,0,13,3,4,1,7,2,4,7,6,5,0
26,1,342,1,2,3,1,1,1,57,3,1,6,1,1,2042,15346,6,1,14,3,2,1,6,2,3,3,2,1,2
40,1,580,2,5,4,1,4,1,48,2,3,7,1,1,10475,23772,5,1,21,4,3,1,20,2,3,18,13,1,12
45,2,252,1,2,3,1,2,0,95,2,1,6,3,2,2274,6153,1,0,14,3,4,0,1,3,3,1,0,0,0
46,1,1034,1,18,1,3,1,0,86,3,3,0,3,1,10527,8984,5,0,11,3,4,0,28,3,2,2,2,1,2
28,0,1366,1,24,2,5,2,1,72,2,3,0,1,2,8722,12355,1,0,12,3,1,0,10,2,2,10,7,1,9
34,2,181,1,2,4,3,4,1,97,4,1,6,4,1,2932,5586,0,1,14,3,1,3,6,3,3,5,0,1,2
55,1,135,1,18,4,3,3,1,62,3,2,0,2,1,6385,12992,3,1,14,3,4,2,17,3,3,8,7,6,7
19,2,265,1,25,3,1,2,0,57,4,1,6,4,2,2994,21221,1,1,12,3,4,0,1,2,3,1,0,0,1
32,2,427,1,1,3,3,1,1,33,3,2,4,4,1,6162,10877,1,1,22,4,2,1,9,3,3,9,8,7,8
40,0,663,1,9,4,4,3,1,81,3,2,2,3,0,3975,23099,3,0,11,3,3,2,11,2,4,8,7,0,7
30,2,1334,2,4,2,3,3,0,63,2,2,7,2,0,5209,19760,1,1,12,3,2,3,11,4,2,11,8,2,7
22,2,617,1,3,1,1,2,0,34,3,2,4,3,1,4171,10022,0,1,19,3,1,1,4,3,4,3,2,0,2
48,2,1469,1,20,4,3,4,1,51,3,1,6,3,1,2259,5543,4,0,17,3,1,2,13,2,2,0,0,0,0
45,0,1195,1,2,2,3,1,1,65,2,4,3,4,1,16792,20462,9,0,23,4,4,1,22,1,3,20,8,11,8
53,2,1070,1,3,4,3,3,1,45,3,4,5,3,1,17584,21016,3,1,16,3,4,3,21,5,2,5,3,1,3
36,1,541,2,3,4,3,1,1,48,2,3,7,4,1,9699,7246,4,0,11,3,1,1,16,2,3,13,9,1,12
29,1,806,1,1,4,1,2,1,76,1,1,6,4,0,2720,18959,1,0,18,3,4,1,10,5,3,10,7,2,8
46,2,1003,1,8,4,1,4,0,74,2,2,6,1,0,4615,21029,8,1,23,4,1,3,19,2,3,16,13,1,7
41,2,549,1,7,2,3,4,0,42,3,2,4,3,2,5003,23371,6,0,14,3,2,0,8,6,3,2,2,2,1
41,2,1356,2,20,2,2,2,0,70,3,1,8,2,2,3140,21728,1,1,22,4,4,0,4,5,2,4,3,0,2
52,1,322,1,28,2,3,4,0,59,4,4,4,3,1,13247,9731,2,1,11,3,2,1,24,3,2,5,3,0,2
51,1,1456,1,1,4,3,1,0,30,2,3,0,1,2,7484,25796,3,0,20,4,3,0,23,1,2,13,12,12,8
26,2,1357,1,25,3,1,1,1,48,1,1,2,3,2,2293,10558,1,0,12,3,3,0,1,2,2,1,0,0,1
36,2,1157,2,2,4,1,3,1,70,3,1,8,4,2,2644,17001,3,1,21,4,4,0,7,3,2,3,2,1,2
38,2,1180,1,29,1,3,2,1,70,3,2,0,1,1,6673,11354,7,1,19,3,2,0,17,2,3,1,0,0,0
31,1,715,2,2,4,4,4,1,54,3,2,7,1,2,5332,21602,7,0,13,3,4,0,10,3,3,5,2,0,3
44,2,1488,2,1,5,2,2,0,75,3,2,7,1,0,5454,4009,5,1,21,4,3,1,9,2,2,4,3,1,3
30,2,501,2,27,5,2,3,1,99,3,2,7,4,0,5304,25275,7,0,23,4,4,1,10,2,2,8,7,7,7
31,1,1060,2,1,3,1,4,0,54,3,1,8,2,2,2302,8319,1,1,11,3,1,0,3,2,4,3,2,2,2
27,2,135,1,17,4,1,4,0,51,3,1,6,3,2,2394,25681,1,1,13,3,4,0,8,2,3,8,2,7,7
28,2,1451,1,2,1,1,1,1,67,2,1,6,2,1,3201,19911,0,0,17,3,1,0,6,2,1,5,3,0,4
24,2,1206,1,17,1,3,4,0,41,2,2,4,3,0,4377,24117,1,0,15,3,2,2,5,6,3,4,2,3,2
50,2,328,1,1,3,3,3,1,86,2,1,2,3,1,3690,3425,2,0,15,3,4,1,5,2,2,3,2,0,2
39,2,1329,2,4,4,1,4,0,47,2,2,7,3,1,5902,14590,4,0,14,3,3,1,17,1,4,15,11,5,9
30,0,879,1,9,2,3,3,0,72,3,2,4,3,2,4695,12858,7,1,18,3,3,0,10,3,3,8,4,1,7
30,2,852,1,1,1,1,4,1,55,2,2,2,4,1,5126,15998,1,1,12,3,3,2,10,1,2,10,8,3,0
29,2,991,2,5,3,3,1,1,43,2,2,7,2,0,4187,3356,1,1,13,3,2,1,10,3,2,10,0,0,9
59,0,1420,0,2,4,0,3,0,32,2,5,3,4,1,18844,21922,9,0,21,4,4,1,30,3,3,3,2,2,2
36,0,427,1,8,3,1,1,0,63,4,3,5,1,1,11713,20335,9,0,14,3,1,1,10,2,3,8,7,0,5
29,2,906,1,10,3,1,4,0,92,2,1,6,1,2,2404,11479,6,1,20,4,3,0,3,5,3,0,0,0,0
30,1,448,2,12,4,1,2,1,74,2,1,8,1,1,2033,14470,1,0,18,3,3,1,1,2,4,1,0,0,0
50,2,1452,1,11,3,1,3,0,53,3,5,3,2,2,19926,17053,3,0,15,3,2,0,21,5,3,5,4,4,4
37,2,1017,1,1,2,3,3,0,83,2,1,6,1,1,3920,18697,2,0,14,3,1,1,17,2,2,3,1,0,2
38,2,849,1,25,2,1,1,0,81,2,3,5,2,1,12061,26707,3,0,17,3,3,1,19,2,3,10,8,0,1
41,0,267,2,10,2,1,4,1,56,3,2,7,4,2,6230,13430,7,0,14,3,4,0,16,3,3,14,3,1,10
29,2,590,1,4,3,5,4,0,91,2,1,6,1,0,2109,10007,1,0,13,3,3,1,1,2,3,1,0,0,0
45,2,549,1,8,4,4,4,1,75,3,2,6,4,1,3697,9278,9,0,14,3,1,2,12,3,3,10,9,9,8
28,0,120,2,4,3,3,2,1,43,3,2,7,3,1,4221,8863,1,0,15,3,2,0,5,3,4,5,4,0,4
29,2,136,1,1,3,1,1,1,89,3,2,0,1,1,5373,6225,0,0,12,3,1,1,6,5,2,5,3,0,2
42,2,469,1,2,2,3,4,1,35,3,4,3,1,1,17665,14399,0,0,17,3,4,1,23,3,3,22,6,13,7
48,2,715,1,1,3,1,4,1,76,2,5,5,4,2,18265,8733,6,0,12,3,3,0,25,3,4,1,0,0,0
20,1,871,1,6,3,1,4,0,66,2,1,2,4,2,2926,19783,1,1,18,3,2,0,1,5,3,1,0,1,0
31,2,1274,1,9,1,1,3,1,33,3,3,4,2,0,10648,14394,1,0,25,4,4,1,13,6,4,13,8,0,8
41,0,552,0,4,3,0,3,1,60,1,2,1,2,1,6430,20794,6,0,19,3,2,1,10,4,3,3,2,1,2
29,2,350,0,13,3,0,1,1,56,2,1,1,1,0,2335,3157,4,1,15,3,4,3,4,3,3,2,2,2,0
42,2,647,2,4,4,2,2,1,45,3,2,7,1,2,5155,2253,7,0,13,3,4,0,9,3,4,6,4,1,5
36,2,1120,2,11,4,2,2,0,100,2,2,7,4,1,6652,14369,4,0,13,3,1,1,8,2,2,6,3,0,0
28,2,1476,1,16,2,3,2,1,68,4,2,0,1,2,5661,4824,0,0,19,3,3,0,9,2,3,8,3,0,7
32,2,964,2,1,2,1,1,1,34,1,2,7,2,2,6735,12147,6,0,15,3,2,0,10,2,3,0,0,0,0
36,2,1351,1,26,4,1,1,1,80,3,2,0,3,1,5347,7419,6,0,14,3,2,2,10,2,2,3,2,0,2
42,2,201,1,1,4,1,2,0,95,3,1,2,1,0,2576,20490,3,0,16,3,2,1,8,5,3,5,2,1,2
43,2,1034,2,16,3,2,4,0,80,3,4,3,4,1,16064,7744,5,1,22,4,3,1,22,3,3,17,13,1,9
36,2,530,2,2,4,1,3,0,51,3,2,8,4,2,4502,7439,3,0,15,3,3,0,17,2,2,13,7,6,7
25,0,675,1,5,2,1,2,1,85,4,2,0,1,0,4000,18384,1,0,12,3,4,2,6,2,3,6,3,1,5
36,0,1105,1,24,4,1,2,0,47,3,2,2,2,1,5674,6927,7,0,15,3,3,1,11,3,3,9,8,0,8
36,1,1467,2,11,2,5,2,0,92,3,3,7,4,1,9738,22952,0,0,14,3,3,1,10,6,3,9,7,2,8
38,1,1189,1,1,3,1,4,1,90,3,2,6,4,1,4735,9867,7,0,15,3,4,2,19,4,4,13,11,2,9
33,2,1198,1,1,4,4,3,1,100,2,1,6,1,2,2799,3339,3,1,11,3,2,0,6,1,3,3,2,0,2
45,1,1199,1,7,4,1,1,1,77,4,2,4,3,1,6434,5118,4,0,17,3,4,1,9,1,3,3,2,0,2
27,2,511,2,2,2,3,1,0,89,4,2,7,3,2,6500,26997,0,0,14,3,2,0,9,5,2,8,7,0,7
34,2,790,2,24,4,3,1,0,40,2,2,7,2,2,4599,7815,0,1,23,4,3,0,16,2,4,15,9,10,10
29,2,1328,1,2,3,1,3,1,76,3,1,6,2,1,2703,4956,0,0,23,4,4,1,6,3,3,5,4,0,4
32,2,1093,2,6,4,3,2,1,87,3,2,7,3,2,5010,24301,1,0,16,3,1,0,12,0,3,11,8,5,7
46,2,406,2,3,1,2,1,1,52,3,4,3,3,1,17465,15596,3,0,12,3,4,1,23,3,3,12,9,4,9
39,2,895,2,5,3,5,4,1,56,3,2,8,4,1,2086,3335,3,0,14,3,3,1,19,6,4,1,0,0,0
44,2,136,1,28,3,1,4,1,32,3,4,5,1,1,16328,22074,3,0,13,3,3,1,24,1,4,20,6,14,17
40,2,302,1,6,3,1,2,0,75,3,4,4,3,2,13237,20364,7,0,15,3,3,0,22,3,3,20,6,5,13
55,2,1117,2,18,5,1,1,0,83,3,4,3,2,2,16835,9873,3,0,23,4,4,0,37,2,3,10,9,7,7
41,1,840,1,9,3,3,1,1,64,3,5,5,3,0,19419,3735,2,0,17,3,2,1,21,2,4,18,16,0,11
43,2,1372,2,9,3,2,1,0,85,1,2,7,3,2,5346,9489,8,0,13,3,2,0,7,2,2,4,3,1,3
38,2,437,2,16,3,1,2,0,90,3,2,7,2,2,4198,16379,2,0,12,3,2,0,8,5,4,3,2,1,2
29,2,428,2,9,3,2,2,0,52,1,1,8,2,2,2760,14630,1,0,13,3,3,0,2,3,3,2,2,2,2
26,2,652,1,7,3,4,3,1,100,4,1,2,1,2,3578,23577,0,0,12,3,4,0,8,2,3,7,7,0,7
45,2,193,1,6,4,4,4,1,52,3,3,5,1,1,13245,15067,4,1,14,3,2,0,17,3,4,0,0,0,0
34,2,1153,1,1,2,3,1,1,94,3,2,4,2,1,4325,17736,1,0,15,3,3,0,5,2,3,5,2,1,3
38,1,693,1,7,3,1,4,1,57,4,1,6,3,0,2610,15748,1,0,11,3,4,3,4,2,3,4,2,0,3
55,2,111,2,1,2,1,1,1,70,3,3,7,4,1,10239,18092,3,0,14,3,4,1,24,4,3,1,0,1,0
18,1,1306,2,5,3,2,2,1,69,3,1,8,2,2,1878,8059,1,1,14,3,4,0,0,3,3,0,0,0,0
40,2,884,1,15,3,1,1,0,80,2,3,4,3,1,10435,25800,1,0,13,3,4,2,18,2,3,18,15,14,12
35,2,1137,1,21,1,1,4,0,51,3,2,0,4,1,4014,19170,1,1,25,4,4,1,10,2,1,10,6,0,7
28,0,1476,1,1,3,1,3,0,55,1,2,2,4,1,6674,16392,0,0,11,3,1,3,10,6,3,9,8,7,5
20,2,727,2,9,1,1,4,1,54,3,1,8,1,2,2728,21082,1,0,11,3,1,0,2,3,3,2,2,0,2
33,2,587,1,10,1,3,1,1,38,1,1,2,4,0,3408,6705,7,0,13,3,1,3,8,2,3,4,3,1,3
31,2,1222,1,11,4,1,4,1,48,3,1,6,4,1,2356,14871,3,1,19,3,2,1,8,2,3,6,4,0,2
40,2,1492,1,20,4,5,1,1,61,3,3,0,4,1,10322,26542,4,0,20,4,4,1,14,6,3,11,10,11,1
50,1,1421,1,2,3,3,4,0,30,3,4,3,1,1,17856,9490,2,0,22,4,3,1,32,3,3,2,2,2,2
27,1,591,1,2,3,3,4,1,87,3,1,6,4,2,2580,6297,2,0,13,3,3,0,6,0,2,4,2,1,2
28,2,1300,1,17,2,3,3,1,79,3,2,2,1,0,4558,13535,1,0,12,3,4,1,10,2,3,10,0,1,8
36,2,1383,1,10,3,1,4,1,90,3,3,0,1,1,8321,25949,7,1,13,3,4,1,15,1,3,12,8,5,7
53,2,447,1,2,3,3,4,1,39,4,4,5,2,2,16598,19764,4,0,12,3,2,0,35,2,2,9,8,8,8
42,2,1128,1,13,3,3,2,1,95,4,2,0,1,1,5538,5696,5,0,18,3,3,2,10,2,2,0,0,0,0
37,0,1040,1,2,2,1,3,1,100,2,2,0,4,0,5163,15850,5,0,14,3,4,1,17,2,4,1,0,0,0
43,2,589,1,14,2,1,2,1,94,3,4,5,1,1,17159,5200,6,0,24,4,3,1,22,3,3,4,1,1,0
23,2,373,1,1,2,1,4,1,47,3,1,6,3,1,1223,16901,1,0,22,4,4,1,1,2,3,1,0,0,1
52,2,258,1,8,4,4,3,0,54,3,1,2,1,1,2950,17363,9,0,13,3,3,0,12,2,1,5,4,0,4
29,2,1010,1,1,3,1,1,0,97,3,1,6,4,0,3760,5598,1,0,15,3,1,3,3,5,3,3,2,1,2
50,2,989,1,7,2,3,2,0,43,2,5,5,3,0,18740,16701,5,1,12,3,4,1,29,2,2,27,3,13,8
42,2,635,2,1,1,1,2,1,99,3,2,7,3,1,4907,24532,1,0,25,4,3,0,20,3,3,20,16,11,6
34,2,628,1,8,3,3,2,1,82,4,2,2,3,1,4404,10228,2,0,12,3,1,0,6,3,4,4,3,1,2
32,2,1401,2,4,2,1,3,0,56,3,1,8,2,1,3931,20990,2,0,11,3,1,1,6,5,3,4,3,1,2
38,2,119,2,3,3,1,1,1,76,3,3,7,3,0,10609,9647,0,0,12,3,3,2,17,6,2,16,10,5,13
30,2,201,1,5,3,5,4,0,84,3,1,6,1,0,3204,10415,5,0,14,3,4,1,8,3,3,3,2,2,2
56,2,1443,2,11,5,2,4,0,89,2,2,7,1,1,5380,20328,4,0,16,3,3,1,6,3,3,0,0,0,0
27,2,1469,1,1,2,3,4,1,82,3,1,2,2,0,3816,17881,1,0,11,3,2,1,5,2,3,5,2,0,4
36,2,922,1,3,2,1,1,0,39,3,1,2,4,0,2835,2561,5,0,22,4,1,1,7,2,3,1,0,0,0
40,2,616,1,2,2,1,3,0,99,3,1,2,1,1,3377,25605,4,0,17,3,4,1,7,5,2,4,3,0,2
37,1,504,1,10,3,3,1,1,61,3,3,4,3,0,10048,22573,6,0,11,3,2,2,17,5,3,1,0,0,0
33,0,1313,1,1,2,3,2,1,59,2,1,2,3,0,2008,20439,1,0,12,3,3,3,1,2,2,1,1,0,0
36,2,1299,1,27,3,3,3,1,94,3,2,0,3,1,5237,16577,6,0,13,3,2,2,17,3,2,7,7,7,7
39,1,443,1,8,1,1,3,0,48,3,1,2,3,1,3755,17872,1,0,11,3,1,1,8,3,3,8,3,0,7
36,0,1229,2,8,4,5,1,1,84,3,2,7,4,0,5079,25952,4,0,13,3,4,2,12,3,3,7,7,0,7
25,2,685,1,1,3,1,1,0,62,3,2,4,3,1,4898,7505,0,0,12,3,4,2,5,3,3,4,2,1,2
36,2,676,1,1,3,4,3,0,35,3,2,4,2,1,5228,23361,0,0,15,3,1,1,10,2,3,9,7,0,5
37,2,1305,1,10,4,1,3,1,49,3,2,4,2,2,4197,21123,2,1,12,3,4,0,18,2,2,1,0,0,1
51,1,237,2,9,3,1,4,1,83,3,5,3,2,0,19847,19196,4,1,24,4,1,1,31,5,2,29,10,11,10
49,2,301,1,22,4,4,1,0,72,3,4,5,2,1,16413,3498,3,0,16,3,2,2,27,2,3,4,2,1,2
35,0,1225,1,2,4,1,4,0,61,3,2,0,1,0,5093,4761,2,0,11,3,1,1,16,2,4,1,0,0,0
43,1,807,1,17,3,5,3,1,38,2,1,6,3,1,2437,15587,9,1,16,3,4,1,6,4,3,1,0,0,0
33,1,970,2,7,3,1,4,0,30,3,2,7,2,1,4302,13401,0,0,17,3,3,1,4,3,3,3,2,0,2
26,2,775,2,29,2,3,1,1,45,3,2,7,3,0,4306,4267,5,0,12,3,1,2,8,5,3,0,0,0,0
46,2,566,1,7,2,3,4,1,75,3,3,4,3,0,10845,24208,6,0,13,3,2,1,13,3,3,8,7,0,7
56,2,1162,1,24,2,1,1,1,97,3,1,2,4,2,2587,10261,1,0,16,3,4,0,5,3,3,4,2,1,0
32,1,689,2,9,2,3,4,1,35,1,2,7,4,0,4668,22812,0,0,17,3,4,3,9,2,4,8,7,0,7
30,1,160,1,3,3,3,3,0,71,3,1,6,3,0,2083,22653,1,0,20,4,3,1,1,2,3,1,0,0,0
30,2,740,2,1,3,1,2,1,64,2,2,7,1,1,9714,5323,1,0,11,3,4,1,10,4,3,10,8,6,7
27,2,1055,1,2,4,1,1,0,47,3,2,4,4,1,4227,4658,0,0,18,3,2,1,4,2,3,3,2,2,2
42,2,1396,1,6,3,3,3,1,83,3,3,5,1,1,13348,14842,9,0,13,3,2,1,18,3,4,13,7,5,7
20,2,1097,1,11,3,3,4,0,98,2,1,6,1,2,2600,18275,1,1,15,3,1,0,1,2,3,1,0,0,0
50,2,316,2,8,4,2,4,1,54,3,1,8,2,1,3875,9983,7,0,15,3,4,1,4,2,3,2,2,2,2
19,2,303,1,2,3,1,2,1,47,2,1,2,4,2,1102,9241,1,0,22,4,3,0,1,3,2,1,0,1,0
31,2,1154,2,2,2,1,1,1,54,3,1,8,3,1,3067,6393,0,0,19,3,3,1,3,1,3,2,2,1,2
29,1,1404,2,20,3,5,3,0,84,3,1,8,4,1,2157,18203,1,0,15,3,2,1,3,5,3,3,1,0,2
42,2,1142,1,8,3,1,4,1,81,3,1,2,3,2,3968,13624,4,0,13,3,4,0,8,3,3,0,0,0,0
36,2,1266,2,10,4,5,2,0,63,2,2,7,3,1,5673,6060,1,1,13,3,1,1,10,4,3,10,9,1,7
42,1,481,2,12,3,1,3,1,44,3,4,7,1,2,13758,2447,0,1,12,3,2,0,22,2,2,21,9,13,14
46,2,1402,2,2,3,2,3,0,69,3,4,3,1,1,17048,24097,8,0,23,4,1,0,28,2,3,26,15,15,9
39,2,722,2,24,1,2,2,0,60,2,4,7,4,1,12031,8828,0,0,11,3,1,1,21,2,2,20,9,9,6
30,2,1358,1,24,1,1,4,1,67,3,1,2,3,0,2693,13335,1,0,22,4,2,1,1,2,3,1,0,0,0
36,2,172,1,4,4,1,1,1,37,2,2,2,4,2,5810,22604,1,0,16,3,3,0,10,2,2,10,4,1,8
41,2,1085,1,2,4,1,2,0,57,1,1,2,4,0,2778,17725,4,1,13,3,3,1,10,1,2,7,7,1,0
22,0,457,1,26,2,4,2,0,85,2,1,6,3,1,2814,10293,1,1,14,3,2,0,4,2,2,4,2,1,3
21,1,756,2,1,1,5,1,0,99,2,1,8,2,2,2174,9150,1,1,11,3,3,0,3,3,3,3,2,1,2
41,2,509,1,7,2,5,2,0,43,4,1,6,3,1,3376,18863,1,0,13,3,3,0,10,3,3,10,6,0,8
35,2,992,1,1,3,3,4,1,68,2,1,2,1,2,2450,21731,1,0,19,3,2,0,3,3,3,3,0,1,2
47,2,1482,1,5,5,1,4,1,42,3,5,5,3,1,18300,16375,4,0,11,3,2,1,21,2,3,3,2,1,1
45,2,1038,1,20,3,3,2,1,95,1,3,0,1,0,10851,19863,2,1,18,3,2,1,24,2,3,7,7,0,7
29,1,995,1,2,1,1,1,1,87,3,2,0,4,0,8853,24483,1,0,19,3,4,1,6,0,4,6,4,1,3
26,2,1167,2,5,3,4,4,0,30,2,1,8,3,2,2966,21378,0,0,18,3,4,0,5,2,3,4,2,0,0
51,2,833,1,1,3,1,3,1,96,3,1,6,4,1,2723,23231,1,0,11,3,2,0,1,0,2,1,0,0,0
34,1,735,1,22,4,4,3,1,86,2,2,6,4,1,5747,26496,1,1,15,3,2,0,16,3,3,15,10,6,11
35,2,755,1,9,4,1,3,1,97,2,2,0,2,2,6540,19394,9,0,19,3,3,0,10,5,3,1,1,0,0
40,2,676,1,9,4,1,4,1,86,3,1,2,1,2,2018,21831,3,0,14,3,2,0,15,3,1,5,4,1,0
42,1,458,1,26,5,3,1,0,60,3,3,5,1,1,13191,23281,3,1,17,3,3,0,20,6,3,1,0,0,0
38,2,364,1,3,5,5,4,0,32,3,2,6,3,2,4317,2302,3,1,20,4,2,0,19,2,3,3,2,2,2
24,2,693,2,3,2,1,1,0,65,3,2,7,3,2,4577,24785,9,0,14,3,1,0,4,3,3,2,2,2,0
39,2,1462,2,6,3,3,4,1,38,4,3,7,3,1,8237,4658,2,0,11,3,1,1,11,3,3,7,6,7,6
40,2,329,1,1,4,1,2,1,88,3,1,2,2,1,2387,6762,3,0,22,4,3,1,7,3,3,4,2,0,3
45,2,538,1,1,4,5,1,1,66,3,3,0,2,0,7441,20933,1,0,12,3,1,3,10,4,3,10,8,7,7
40,2,1194,1,2,4,3,3,0,98,3,1,6,3,1,2001,12549,2,0,14,3,2,3,20,2,3,5,3,0,2
34,1,988,0,23,3,0,2,0,43,3,3,1,1,0,9950,11533,9,1,15,3,3,3,11,2,3,3,2,0,2
32,2,1018,1,3,2,1,3,0,39,3,3,5,4,2,11159,19373,3,0,15,3,4,0,10,6,3,7,7,7,7
50,2,813,1,17,5,1,4,0,50,2,3,5,1,0,13269,21981,5,0,15,3,3,3,19,3,3,14,11,1,11
37,1,319,2,4,4,2,1,1,41,3,1,8,4,0,2793,2539,4,0,17,3,3,1,13,2,3,9,8,5,8
29,1,337,1,14,1,4,3,0,84,3,3,0,4,2,7553,22930,0,1,12,3,1,0,9,1,3,8,7,7,7
35,1,944,2,1,3,2,3,0,92,3,3,7,3,2,8789,9096,1,0,14,3,1,0,10,3,4,10,7,0,8
31,1,1125,2,7,4,2,1,0,68,3,3,7,1,1,9637,8277,2,0,14,3,4,2,9,3,3,3,2,2,2
38,2,1153,1,6,2,4,4,0,40,2,1,2,3,1,3702,16376,1,0,11,3,2,1,5,3,3,5,4,0,4
27,1,1242,2,20,3,1,4,0,90,3,2,7,3,2,9981,12916,1,0,14,3,4,0,7,2,3,7,7,0,7
46,2,945,0,5,2,3,2,1,80,3,2,1,2,0,5021,10425,8,1,22,4,4,1,16,2,3,4,2,0,2
41,2,933,1,9,4,1,3,1,94,3,1,2,1,1,2238,6961,2,0,21,4,4,1,7,2,3,5,0,1,4
40,2,1308,1,14,3,3,3,1,44,2,5,5,3,2,19626,17544,1,0,14,3,1,0,21,2,4,20,7,4,9
30,2,1329,2,29,4,1,3,1,61,3,2,7,1,0,4115,13192,8,0,19,3,3,3,8,3,3,4,3,0,3
30,2,853,1,7,4,1,3,1,49,3,2,2,3,0,3491,11309,1,0,13,3,1,3,10,4,2,10,7,8,9
34,2,546,1,10,3,1,2,1,83,3,1,2,2,0,2008,6896,1,0,14,3,2,2,1,3,3,1,0,1,0
40,2,118,2,14,2,1,4,0,84,3,2,7,1,1,4639,11262,1,0,15,3,3,1,5,2,3,5,4,1,2
29,2,1090,2,10,3,2,4,1,83,3,1,8,2,0,2297,17967,1,0,14,3,4,2,2,2,3,2,2,2,2
46,2,1450,1,15,2,1,4,1,52,3,5,5,2,1,19081,10849,5,0,11,3,1,1,25,2,3,4,2,0,3
41,2,802,2,9,1,1,3,1,96,3,3,7,3,0,8189,21196,3,1,13,3,3,1,12,2,3,9,7,0,7
39,0,1251,2,21,4,1,1,0,32,1,2,7,3,1,5736,3987,6,0,19,3,3,1,10,1,3,3,2,1,2
29,1,490,1,10,3,1,4,0,61,3,1,6,2,0,3291,17940,0,0,14,3,4,2,8,2,2,7,5,1,1
52,2,1490,1,4,2,1,4,0,30,3,4,3,4,1,16555,10310,2,0,13,3,4,0,31,2,1,5,2,1,4
37,2,1439,1,4,1,1,3,1,54,3,1,6,3,1,2996,5182,7,1,15,3,4,0,8,2,3,6,4,1,3
29,2,1176,2,3,2,3,2,0,62,3,2,7,3,1,5561,3487,1,0,14,3,1,1,6,5,2,6,0,1,2
44,2,528,0,1,3,1,3,0,44,3,1,1,4,0,3195,4167,4,1,18,3,1,3,8,2,3,2,2,2,2
45,1,306,2,26,4,1,1,0,100,3,2,7,1,1,4286,5630,2,0,14,3,4,2,5,4,3,1,1,0,0
25,2,1372,2,18,1,1,1,1,93,4,2,7,3,1,6232,12477,2,0,11,3,2,0,6,3,2,3,2,1,2
47,1,1309,2,4,1,3,2,1,99,3,2,8,3,2,2976,25751,3,0,19,3,1,0,5,3,3,0,0,0,0
37,2,1107,1,14,3,1,4,0,95,3,1,2,1,0,3034,26914,1,0,12,3,3,1,18,2,2,18,7,12,17
41,2,1102,2,1,2,1,2,0,94,3,2,7,4,2,5993,19479,8,1,11,3,1,0,8,0,1,6,4,0,5
57,2,593,1,1,4,3,4,1,88,3,2,0,3,1,6755,2967,2,0,11,3,3,0,15,2,3,3,2,1,2
18,0,247,1,8,1,3,3,1,80,3,1,2,3,2,1904,13556,1,0,12,3,4,0,0,0,3,0,0,0,0
32,0,1146,1,15,4,3,3,0,34,3,2,0,4,0,6667,16542,5,0,18,3,2,1,9,6,3,5,1,1,2
26,2,703,2,28,2,2,1,1,66,3,2,7,2,1,6272,7428,1,0,20,4,4,2,6,5,4,5,3,1,4
33,2,211,2,16,3,1,1,0,74,3,3,7,1,2,8564,10092,2,1,20,4,3,0,11,2,2,0,0,0,0
35,2,1142,1,23,4,3,3,0,30,3,1,2,1,1,4014,16002,3,1,15,3,3,1,4,3,3,2,2,2,2
32,0,300,1,1,3,1,4,1,61,3,1,2,4,0,2314,9148,0,0,12,3,2,1,4,2,3,3,0,0,2
35,2,303,2,27,3,1,3,1,84,3,2,7,4,2,5813,13492,1,1,18,3,4,0,10,2,3,10,7,7,7
39,0,592,1,2,3,1,1,0,54,2,1,2,1,2,3646,17181,2,1,23,4,2,0,11,2,4,1,0,0,0
58,2,601,1,7,4,3,3,0,53,2,3,4,1,1,10008,12023,7,1,14,3,4,0,31,0,2,10,9,5,9
36,1,1480,1,3,2,3,4,1,30,3,1,2,2,2,2088,15062,4,0,12,3,3,0,13,3,2,8,7,7,2
31,2,828,2,2,1,1,2,1,77,3,2,7,4,2,6582,8346,4,1,13,3,3,0,10,2,4,6,5,0,5
26,2,841,1,6,3,4,3,0,46,2,1,6,2,1,2368,23300,1,0,19,3,3,0,5,3,2,5,4,4,3
39,2,360,1,23,3,3,3,1,93,3,1,6,1,2,3904,22154,0,0,13,3,1,0,6,2,3,5,2,0,3
27,2,608,1,1,2,1,3,0,68,3,3,4,1,1,7412,6009,1,0,11,3,4,0,9,3,3,9,7,0,7
44,2,1097,1,10,4,1,3,1,96,3,1,6,3,2,2936,10826,1,1,11,3,3,0,6,4,3,6,4,0,2
45,2,974,1,1,4,3,4,0,91,3,1,2,4,0,2270,11005,3,0,14,3,4,2,8,2,3,5,3,0,2
40,1,530,1,1,4,1,3,1,78,2,4,0,2,1,13503,14115,1,0,22,4,4,1,22,3,2,22,3,11,11
47,0,1162,1,1,1,3,3,0,98,3,3,5,2,1,11957,17231,0,0,18,3,1,2,14,3,1,13,8,5,12
34,2,629,1,27,2,3,4,0,95,3,1,6,2,2,2311,5711,2,0,15,3,4,0,9,3,3,3,2,1,2
44,2,200,1,29,4,4,4,1,32,3,2,6,4,2,4541,7744,1,0,25,4,2,0,20,3,3,20,11,13,17
36,1,607,2,7,3,2,1,0,83,4,2,7,1,1,4639,2261,2,0,16,3,4,1,17,2,2,15,7,6,13
27,0,1277,1,8,5,1,1,1,87,1,1,2,3,1,4621,5869,1,0,19,3,4,3,3,4,3,3,2,1,2
24,2,1448,2,1,1,5,1,0,62,3,1,8,2,2,3202,21972,1,1,16,3,2,0,6,4,3,5,3,1,4
39,1,505,1,2,4,5,3,0,64,3,3,0,3,2,10938,6420,0,0,25,4,4,0,20,1,3,19,6,11,8
36,2,318,1,9,3,3,4,1,79,2,1,6,3,1,3388,21777,0,1,17,3,1,1,2,0,2,1,0,0,0
34,0,697,1,3,4,1,3,1,40,2,1,6,4,1,2979,22478,3,0,17,3,4,3,6,2,3,0,0,0,0
50,1,809,2,12,3,2,3,0,77,3,3,7,4,2,9208,6645,4,0,11,3,4,0,16,3,3,2,2,2,1
41,2,334,2,2,4,1,4,1,88,3,4,3,2,2,16015,15896,1,0,19,3,2,0,22,2,3,22,10,0,4
31,2,330,1,22,4,3,4,1,98,3,2,4,3,1,6179,21057,1,1,15,3,4,2,10,3,2,10,2,6,7
39,1,672,1,7,2,3,3,1,54,2,5,3,4,1,19272,21141,1,0,15,3,1,1,21,2,3,21,9,13,3
44,2,1037,1,1,3,3,2,1,42,3,1,6,4,2,2436,13422,6,1,12,3,3,0,6,2,3,4,3,1,2
33,2,575,1,25,3,1,4,1,44,2,2,4,2,2,4320,24152,1,0,13,3,4,0,5,2,3,5,3,0,2
33,2,1216,2,8,4,2,3,1,39,3,2,7,3,0,7104,20431,0,0,12,3,4,0,6,3,3,5,0,1,2
25,2,1382,2,8,2,4,1,0,85,3,2,7,3,0,4907,13684,0,1,22,4,2,1,6,3,2,5,3,0,4
37,2,367,1,25,2,3,3,0,52,2,2,0,4,0,5731,17171,7,0,13,3,3,2,9,2,3,6,2,1,3
37,2,921,1,10,3,3,3,0,98,3,1,2,1,1,3452,17663,6,0,20,4,2,1,17,3,3,5,4,0,3
27,2,1420,2,2,1,2,3,1,85,3,1,8,1,0,3041,16346,0,0,11,3,2,1,5,3,3,4,3,0,2
25,2,977,1,2,1,4,4,1,57,3,1,2,3,0,3977,7298,6,1,19,3,3,1,7,2,2,2,2,0,2
30,2,570,2,5,3,2,4,0,30,2,2,7,3,0,6118,5431,1,0,13,3,3,3,10,2,3,10,9,1,2
29,2,408,1,25,5,5,3,0,71,2,1,6,2,1,2546,18300,5,0,16,3,2,0,6,2,4,2,2,1,1
27,0,1450,1,3,3,3,3,1,79,2,1,6,3,0,2566,25326,1,1,15,3,4,1,1,2,2,1,1,0,1
44,2,477,1,7,4,3,1,0,42,2,3,0,4,1,10248,2094,3,0,14,3,4,1,24,4,3,22,6,5,17
23,2,885,1,4,3,3,1,1,58,4,1,6,1,1,2819,8544,2,0,16,3,1,1,5,3,4,3,2,0,2
43,0,1344,1,7,3,3,4,1,37,4,1,6,4,0,2089,5228,4,0,14,3,4,3,7,3,4,5,4,2,2
29,2,806,1,7,3,5,2,0,39,3,1,2,3,0,3339,17285,3,1,13,3,1,2,10,2,3,7,7,7,7
27,1,1131,1,15,3,1,4,0,77,2,1,6,1,1,4774,23844,0,0,19,3,4,1,8,2,2,7,6,7,3
46,2,1254,2,10,3,1,3,0,64,3,3,7,2,1,7314,14011,5,0,21,4,3,3,14,2,3,8,7,0,7
32,2,120,1,6,5,1,3,1,43,3,1,6,3,2,3038,12430,3,0,20,4,1,0,8,2,3,5,4,1,4
30,2,1339,2,5,3,1,2,0,41,3,3,7,4,1,9419,8053,2,0,12,3,3,1,12,2,3,10,9,7,4
37,0,1252,2,19,2,3,1,1,32,3,3,7,2,2,7642,4814,1,1,13,3,4,0,10,2,3,10,0,0,9
30,0,111,1,9,3,3,3,1,66,3,2,2,1,0,3072,11012,1,0,11,3,3,2,12,4,3,12,9,6,10
38,2,243,2,7,4,2,4,0,46,2,2,7,4,2,4028,7791,0,0,20,4,1,0,8,2,3,7,7,0,5
33,2,392,2,2,4,3,4,1,93,3,2,7,4,0,5505,3921,1,0,14,3,3,2,6,5,3,6,2,0,4
35,0,208,1,8,4,1,3,0,52,3,2,0,3,1,4148,12250,1,0,12,3,4,1,15,5,3,14,11,2,9
26,2,583,1,4,2,1,3,1,53,3,1,6,4,2,2875,9973,1,1,20,4,2,0,8,2,2,8,5,2,2
43,1,1001,1,9,5,3,4,1,72,3,2,2,3,0,5679,19627,3,1,13,3,2,1,10,3,3,8,7,4,7
32,2,548,1,1,3,1,2,1,66,3,2,6,2,1,6220,7346,1,0,17,3,2,2,10,3,3,10,4,0,9
31,2,741,1,2,4,1,2,1,69,3,1,2,3,1,3477,18103,1,0,14,3,4,1,6,2,4,5,2,0,3
52,2,1325,1,11,4,1,4,0,82,3,2,2,3,1,3149,21821,8,0,20,4,2,1,9,3,3,5,2,1,4
44,2,1448,2,28,3,3,4,0,53,4,4,7,4,1,13320,11737,3,1,18,3,3,1,23,2,3,12,11,11,11
29,2,1086,1,7,1,3,1,0,62,2,1,2,4,0,2532,6054,6,0,14,3,3,3,8,5,3,4,3,0,3
28,2,1485,1,12,1,1,3,0,79,3,1,2,4,1,2515,22955,1,1,11,3,4,0,1,4,2,1,1,0,0
33,2,813,1,14,3,3,3,1,58,3,1,2,4,1,2436,22149,5,1,13,3,3,1,8,2,1,5,4,0,4
30,1,109,1,5,3,3,2,0,60,3,1,2,2,2,2422,25725,0,0,17,3,1,0,4,3,3,3,2,1,2
30,2,1005,1,3,3,5,4,0,88,3,1,6,1,2,2657,8556,5,1,11,3,3,0,8,5,3,5,2,0,4
28,2,440,1,21,3,3,3,1,42,3,1,6,4,1,2713,6672,1,0,11,3,3,1,5,2,1,5,2,0,2
31,2,542,2,20,3,1,2,0,71,1,2,7,3,1,4559,24788,3,1,11,3,3,1,4,2,3,2,2,2,2
21,2,501,2,5,1,3,3,1,58,3,1,8,1,2,2380,25479,1,1,11,3,4,0,2,6,3,2,2,1,2
37,1,663,1,11,3,4,2,1,47,3,3,5,4,0,12185,10056,1,1,14,3,3,3,10,1,3,10,8,0,7
38,2,1495,1,4,2,3,4,0,87,3,1,2,3,1,3306,26176,7,0,19,3,4,1,7,5,2,0,0,0,0
25,2,266,1,1,3,3,4,0,40,3,1,6,2,2,2096,18830,1,0,18,3,4,0,2,3,2,2,2,2,1
33,2,931,1,14,3,3,4,0,72,3,1,6,2,1,2756,4673,1,0,13,3,4,1,8,5,3,8,7,1,6
27,2,1240,1,2,4,1,4,0,33,3,1,2,1,0,2341,19715,1,0,13,3,4,1,1,6,3,1,0,0,0
32,2,498,1,3,4,3,3,0,93,3,2,4,1,1,6725,13554,1,0,12,3,3,1,8,2,4,8,7,6,3
25,2,1280,1,7,1,3,4,1,64,2,1,6,4,1,2889,26897,1,0,11,3,3,2,2,2,3,2,2,2,1
36,2,852,1,5,4,1,2,0,82,2,1,6,1,1,3419,13072,9,1,14,3,4,1,6,3,4,1,1,0,0
55,2,725,1,2,3,3,4,1,78,3,5,3,1,1,19859,21199,5,1,13,3,4,1,24,2,3,5,2,1,4
42,0,355,1,10,4,5,3,1,38,3,1,6,3,1,2936,6161,3,0,22,4,2,2,10,1,2,6,3,3,3
22,2,391,1,7,1,1,4,1,75,3,1,6,2,2,2472,26092,1,1,23,4,1,0,1,2,3,1,0,0,0
30,2,911,1,1,2,3,4,1,76,3,1,2,2,1,3748,4077,1,0,13,3,3,0,12,6,2,12,8,1,7
35,2,538,1,25,2,4,1,1,54,2,2,2,4,2,3681,14004,4,0,14,3,4,0,9,3,3,3,2,0,2
52,2,956,1,6,2,5,4,1,78,3,2,6,1,0,5577,22087,3,1,12,3,2,2,18,3,3,10,9,6,9
54,1,966,1,1,4,1,4,0,53,3,3,4,3,0,10502,9659,7,0,17,3,1,1,33,2,1,5,4,1,4
52,2,1030,2,5,3,1,2,1,64,3,3,7,2,2,8446,21534,9,1,19,3,3,0,10,2,2,8,7,7,7
34,2,699,1,6,1,3,2,1,83,3,1,6,1,2,2960,17102,2,0,11,3,3,0,8,2,3,4,2,1,3
55,2,189,0,26,4,0,3,1,71,4,5,3,2,1,19636,25811,4,1,18,3,1,1,35,0,3,10,9,1,4
42,2,1147,0,10,3,0,3,0,31,3,4,3,1,1,16799,16616,0,0,14,3,3,1,21,5,3,20,7,0,9
35,1,664,1,1,3,3,2,1,79,3,1,6,1,1,2194,5868,4,0,13,3,4,1,5,2,2,3,2,1,2
40,2,107,2,10,3,5,2,0,84,2,2,7,2,0,6852,11591,7,0,12,3,2,1,7,2,4,5,1,1,3
31,1,163,1,24,1,5,4,0,30,3,2,4,4,2,5238,6670,2,0,20,4,4,0,9,3,2,5,4,1,4
41,1,143,2,4,3,2,1,1,56,3,2,7,2,2,9355,9558,1,0,18,3,3,0,8,5,3,8,7,7,7
26,2,991,1,6,3,1,3,0,71,3,1,2,4,1,2659,17759,1,1,13,3,3,1,3,2,3,3,2,0,2
32,0,862,2,2,1,1,3,0,76,3,1,8,1,0,2827,14947,1,0,12,3,3,3,1,3,3,1,0,0,0
38,0,1336,0,2,3,0,1,1,100,3,1,1,2,0,2592,7129,5,0,13,3,4,3,13,3,3,11,10,3,8
22,2,253,1,11,3,3,1,0,43,3,1,6,2,1,2244,24440,1,0,13,3,4,1,2,1,3,2,1,1,2
22,2,217,1,8,1,1,2,1,94,1,1,2,1,1,2451,6881,1,0,15,3,1,1,4,3,2,4,3,1,1
27,2,1134,1,16,4,5,3,0,37,3,1,2,2,1,2811,12086,9,0,14,3,2,1,4,2,3,2,2,2,2
38,2,723,2,2,4,2,2,0,77,1,2,8,4,1,5405,4244,2,1,20,4,1,2,20,4,2,4,2,0,3
29,2,232,1,19,3,5,4,1,34,3,2,4,4,0,4262,22645,4,0,12,3,2,2,8,2,4,3,2,1,2
28,2,529,1,2,4,1,1,1,79,3,1,2,3,2,3485,14935,2,0,11,3,3,0,5,5,1,0,0,0,0
31,2,746,1,8,4,1,3,0,61,3,2,4,4,2,4424,20682,1,0,23,4,4,0,11,2,3,11,7,1,8
55,0,177,1,8,1,3,4,1,37,2,4,0,2,0,13577,25592,1,1,15,3,4,1,34,3,3,33,9,15,0
59,2,818,0,6,2,3,2,1,52,3,1,1,3,1,2267,25657,8,0,17,3,4,0,7,2,2,2,2,2,2
48,2,163,2,2,5,2,2,0,37,3,2,7,4,1,4051,19658,2,0,14,3,1,1,14,2,3,9,7,6,7
43,1,313,1,21,3,3,4,1,61,3,1,2,4,1,2258,15238,7,0,20,4,1,1,8,1,3,3,2,1,2
35,2,950,1,7,3,4,3,1,59,3,3,4,3,2,10221,18869,3,0,21,4,2,0,17,3,4,8,5,1,6
33,2,134,1,2,3,1,3,1,90,3,1,6,4,2,2500,10515,0,0,14,3,1,0,4,2,4,3,1,0,2
53,2,1219,2,2,4,1,1,0,78,2,4,3,4,1,15427,22021,2,0,16,3,3,0,31,3,3,25,8,3,7
46,0,849,2,26,2,1,2,1,98,2,2,7,2,2,7991,25166,8,0,15,3,3,0,6,3,3,2,2,2,2
31,2,1398,0,8,2,3,4,0,96,4,1,1,2,2,2109,24609,9,0,18,3,4,0,8,3,3,3,2,0,2
38,2,343,1,15,2,1,3,1,92,2,3,5,4,0,11510,15682,0,1,14,3,2,1,12,3,3,11,10,2,9
55,2,1136,1,1,4,3,2,1,81,4,4,5,4,0,14732,12414,2,0,13,3,4,2,31,4,4,7,7,0,0
60,2,696,2,7,4,2,2,1,52,4,2,7,4,0,5220,10893,0,1,18,3,2,1,12,3,3,11,7,1,9
58,2,286,1,2,4,1,4,1,31,3,5,5,2,2,19246,25761,7,1,12,3,4,0,40,2,3,31,15,13,8
38,1,653,1,29,5,1,4,0,50,3,2,2,4,2,2406,5456,1,0,11,3,4,0,10,2,3,10,3,9,9
46,2,1277,2,2,3,1,3,1,74,3,3,7,4,0,10368,5596,4,1,12,3,2,1,13,5,2,10,6,0,3
28,2,1158,1,9,3,3,4,1,94,3,1,6,4,1,2070,2613,1,0,23,4,4,1,5,3,2,5,2,0,4
56,2,310,1,7,2,5,4,1,72,3,1,2,3,1,2339,3666,8,0,11,3,4,1,14,4,1,10,9,9,8
33,1,1146,2,25,3,3,2,0,82,3,2,7,3,1,4539,4905,1,0,12,3,1,1,10,3,2,10,7,0,1
40,0,1142,1,8,2,1,4,1,72,3,2,0,4,0,4069,8841,3,1,18,3,3,0,8,2,3,2,2,2,2
27,1,1337,0,22,3,0,1,0,58,2,1,1,2,1,2863,19555,1,0,12,3,1,0,1,2,3,1,0,0,0
26,1,1479,1,1,3,1,3,0,84,3,2,4,2,0,6397,26767,1,0,20,4,1,1,6,6,1,6,5,1,4
35,0,1180,1,2,2,3,2,1,90,3,2,4,4,0,5762,24442,2,0,14,3,3,1,15,6,3,7,7,1,7
33,2,1069,1,1,3,1,2,0,42,2,2,0,4,2,6949,12291,0,0,14,3,1,0,6,3,3,5,0,1,4
40,2,575,2,22,2,2,3,1,68,2,2,7,3,1,6380,6110,2,1,12,3,1,2,8,6,3,6,4,1,0
34,0,967,1,16,4,5,4,1,85,1,1,6,1,1,2307,14460,1,1,23,4,2,1,5,2,3,5,2,3,0
50,2,869,2,3,2,2,1,1,86,2,1,8,3,1,2683,3810,1,1,14,3,3,0,3,2,3,3,2,0,2
48,2,277,1,6,3,1,1,1,97,2,2,0,3,2,4240,13119,2,0,13,3,4,0,19,0,3,2,2,2,2
54,2,431,1,7,4,3,4,0,68,3,2,6,4,1,6854,15696,4,0,15,3,2,1,14,2,2,7,1,1,7
20,2,500,2,2,3,3,3,0,49,2,1,8,3,2,2044,22052,1,0,13,3,4,0,2,3,2,2,2,0,2
43,0,343,1,9,3,1,1,1,52,3,1,6,3,2,2438,24978,4,0,13,3,3,0,7,2,2,3,2,1,2
29,2,726,1,29,1,1,4,1,93,1,2,0,3,0,6384,21143,8,0,17,3,4,2,11,3,3,7,0,1,6
34,0,999,1,26,1,5,1,0,92,2,1,6,3,0,2029,15891,1,0,20,4,3,3,5,2,3,5,4,0,0
42,1,933,1,19,3,3,3,1,57,4,1,6,3,0,2759,20366,6,1,12,3,4,0,7,2,3,2,2,2,2
27,2,486,1,8,3,3,2,0,86,4,1,6,3,1,3517,22490,7,0,17,3,1,0,5,0,3,3,2,0,2
19,2,419,2,21,3,4,4,1,37,2,1,8,2,2,2121,9947,1,1,13,3,2,0,1,3,4,1,0,0,0
39,2,466,1,1,1,1,4,0,65,2,4,4,4,1,12742,7060,1,0,16,3,3,1,21,3,3,21,6,11,8
27,2,894,1,9,3,3,4,0,99,3,1,6,2,2,2279,11781,1,0,16,3,4,0,7,2,2,7,7,0,3
59,2,1429,1,18,4,3,4,1,67,3,3,4,4,2,10512,20002,6,0,12,3,4,0,25,6,2,9,7,5,4
31,2,688,2,7,3,1,3,1,44,2,3,3,4,0,11557,25291,9,0,21,4,3,1,10,3,2,5,4,0,1
28,2,1179,1,19,4,3,4,1,78,2,1,2,1,1,3196,12449,1,0,12,3,3,3,6,2,3,6,5,3,3
34,0,1381,2,4,4,2,3,0,72,3,2,7,3,1,6538,12740,9,0,15,3,1,1,6,3,3,3,2,1,2
31,2,154,2,7,4,1,2,1,41,2,1,8,3,1,2329,11737,3,0,15,3,2,0,13,2,4,7,7,5,2
53,1,124,2,2,3,2,3,0,38,2,3,7,2,1,7525,23537,2,0,12,3,1,1,30,2,3,15,7,6,12
41,2,582,1,28,4,1,1,0,60,2,4,4,2,1,13570,5640,0,0,23,4,3,1,21,3,3,20,7,0,10
54,2,1441,1,17,3,5,3,0,56,3,3,4,3,1,10739,13943,8,0,11,3,3,1,22,2,3,10,7,0,8
30,0,1400,1,3,3,1,3,1,53,3,1,2,4,1,2097,16734,4,0,15,3,3,1,9,3,1,5,3,1,4
49,2,1261,1,7,3,4,2,1,31,2,3,0,3,2,10965,12066,8,0,24,4,3,0,26,2,3,5,2,0,0
46,2,1485,1,18,3,3,3,0,87,3,2,4,3,0,4810,26314,2,0,14,3,3,1,19,5,2,10,7,0,8
36,2,132,1,6,3,1,2,0,55,4,1,2,4,1,3038,22002,3,0,12,3,2,0,5,3,3,1,0,0,0
32,1,238,1,5,2,1,1,0,47,4,1,6,3,2,2432,15318,3,1,14,3,1,0,8,2,3,4,1,0,3
27,2,1302,1,19,3,4,4,1,67,2,1,2,1,0,4066,16290,1,0,11,3,1,2,7,3,3,7,7,0,7
32,2,646,1,9,4,1,1,0,92,3,2,6,4,1,6322,18089,1,1,12,3,4,1,6,2,2,6,4,0,5
29,2,718,1,8,1,3,2,1,79,2,2,4,4,1,5056,17689,1,1,15,3,3,1,10,2,2,10,7,1,2
37,2,290,1,21,3,1,2,1,65,4,1,6,1,1,3564,22977,1,1,12,3,1,1,8,3,2,8,7,1,7
35,2,1349,1,7,2,1,3,1,63,2,1,2,4,1,2690,7713,1,0,18,3,4,1,1,5,2,1,0,0,1
51,2,1318,2,26,4,2,1,0,66,3,4,3,3,1,16307,5594,2,0,14,3,3,1,29,2,2,20,6,4,17
34,2,1031,1,6,4,1,3,0,45,2,2,6,2,0,4505,15000,6,0,15,3,3,1,12,3,3,1,0,0,0
40,2,1398,2,2,4,1,3,0,79,3,5,3,3,1,18041,13022,0,0,14,3,4,0,21,2,3,20,15,1,12
38,1,1444,0,1,4,4,4,1,88,3,1,1,2,1,2991,5224,0,1,11,3,2,1,7,2,3,6,2,1,2
48,2,855,1,4,3,1,4,1,54,3,3,4,4,2,7898,18706,1,0,11,3,3,0,11,2,3,10,9,0,8
42,2,933,1,29,3,1,2,1,98,3,2,4,2,1,4434,11806,1,0,13,3,4,1,10,3,2,9,8,7,8
31,0,697,1,10,3,3,3,0,40,3,3,5,3,1,11031,26862,4,0,20,4,3,1,13,2,4,11,7,4,8
46,2,669,2,9,2,3,3,1,64,2,3,7,4,2,9619,13596,1,0,16,3,4,0,9,3,3,9,8,4,7
35,1,636,1,4,4,4,4,1,47,2,1,2,4,1,2376,26537,1,0,13,3,2,1,2,2,4,2,2,2,2
29,1,746,2,24,3,5,3,1,45,4,1,8,1,2,1091,10642,1,0,17,3,4,0,1,3,3,1,0,0,0
42,0,335,1,23,2,1,4,1,37,2,2,6,3,2,4332,14811,1,0,12,3,4,0,20,2,3,20,9,3,7
39,1,945,1,22,3,3,4,0,82,3,3,4,1,2,10880,5083,1,1,13,3,3,0,21,2,3,21,6,2,8
22,2,604,1,6,1,3,1,1,69,3,1,6,3,1,2773,12145,0,0,20,4,4,0,3,3,3,2,2,2,2
29,2,153,1,15,2,1,4,0,49,2,2,2,3,2,4193,12682,0,1,12,3,4,0,10,3,3,9,5,0,8
43,2,1473,1,8,4,4,3,0,74,3,2,0,3,0,4522,2227,4,1,14,3,4,0,8,3,3,5,2,0,2
26,1,496,1,11,2,3,1,1,60,3,2,0,1,1,4741,22722,1,1,13,3,3,1,5,3,3,5,3,3,3
31,2,616,1,12,3,3,4,0,41,3,2,0,4,1,5855,17369,0,1,11,3,3,2,10,2,1,9,7,8,5
32,2,1259,1,2,4,1,4,1,95,3,1,2,2,2,1393,24852,1,0,12,3,1,0,1,2,3,1,0,0,0
38,2,1206,1,9,2,1,2,1,71,3,1,6,4,0,4771,14293,2,0,19,3,4,2,10,0,4,5,2,0,3
20,2,129,1,4,3,5,1,1,84,3,1,2,1,2,2973,13008,1,0,19,3,2,0,1,2,3,1,0,0,0
56,2,718,1,4,4,5,4,0,92,3,5,3,1,0,19943,18575,4,0,13,3,4,1,28,2,3,5,2,4,2
34,1,303,2,2,4,2,3,0,75,3,1,8,3,1,2231,11314,6,0,18,3,4,1,6,3,3,4,3,1,2
31,2,1332,1,11,2,3,3,1,80,3,2,0,1,1,6833,17089,1,1,12,3,4,0,6,2,2,6,5,0,1
48,1,365,1,4,5,3,3,1,89,2,4,3,4,1,15202,5602,2,0,25,4,2,1,23,3,3,2,2,2,2
40,2,1416,1,2,2,3,1,1,49,3,5,5,3,0,19436,5949,0,0,19,3,4,1,22,5,3,21,7,3,9
40,2,1124,2,1,2,3,2,1,57,1,2,7,4,1,7457,13273,2,1,22,4,3,3,6,2,2,4,3,0,2
35,2,682,2,18,4,3,2,1,71,3,2,7,1,1,5561,15975,0,0,16,3,4,1,6,2,1,5,3,0,4
34,2,1107,0,9,4,5,1,0,52,3,1,1,3,1,2742,3072,1,0,15,3,4,0,2,0,3,2,2,2,2
35,0,727,1,3,3,1,3,1,41,2,1,2,3,1,1281,16900,1,0,18,3,3,2,1,3,3,1,0,0,0
34,1,560,1,1,4,4,4,1,91,3,1,6,1,0,2996,20284,5,0,14,3,3,2,10,2,3,4,3,1,3
40,2,300,2,26,3,2,3,1,74,3,2,7,1,1,8396,22217,1,0,14,3,2,1,8,3,2,7,7,7,5
34,1,234,1,9,4,1,4,1,93,3,2,2,1,1,5346,6208,4,0,17,3,3,1,11,3,2,7,1,0,7
36,2,660,1,15,3,4,1,1,81,3,2,2,3,0,4834,7858,7,0,14,3,2,1,9,3,2,1,0,0,0
46,2,228,2,3,3,1,3,0,51,3,4,3,2,1,16606,11380,8,0,12,3,4,1,23,2,4,13,12,5,1
27,1,1410,2,3,1,3,4,0,71,4,2,7,4,0,4647,16673,1,1,20,4,2,2,6,3,3,6,5,0,4
34,2,419,1,7,4,1,1,0,53,3,3,5,2,2,11994,21293,0,0,11,3,3,0,13,4,3,12,6,2,11
42,2,1332,1,2,4,4,1,1,98,2,2,0,4,2,6781,17078,3,0,23,4,2,0,14,6,3,1,0,0,0
30,1,600,0,8,3,0,3,0,66,2,1,1,4,0,2180,9732,6,0,11,3,3,1,6,0,2,4,2,1,2
37,2,1192,1,5,2,3,4,1,61,3,2,4,4,0,6347,23177,7,0,16,3,3,2,8,2,2,6,2,0,4
54,2,548,1,8,4,1,3,0,42,3,2,2,3,2,3780,23428,7,0,11,3,3,0,19,3,3,1,0,0,0
49,2,1245,1,18,4,1,4,1,58,2,5,5,3,0,19502,2125,1,1,17,3,3,1,31,5,3,31,9,0,9
29,2,992,1,1,3,5,3,1,85,3,1,6,3,2,2058,19757,0,0,14,3,4,0,7,1,2,6,2,1,5
25,1,599,2,24,1,1,3,1,73,1,1,8,4,2,1118,8040,1,1,14,3,4,0,1,4,3,1,0,1,0
38,1,1394,1,8,3,3,4,0,58,2,2,6,2,0,2133,18115,1,1,16,3,3,1,20,3,3,20,11,0,7
36,2,1174,2,3,4,2,1,0,99,3,2,7,2,2,9278,20763,3,1,16,3,4,0,15,3,3,5,4,0,1
39,2,116,1,24,1,1,1,1,52,3,2,6,4,2,4108,5340,7,0,13,3,1,0,18,2,3,7,7,1,7
46,1,638,1,1,3,3,3,1,40,2,3,0,1,1,10673,3142,2,1,13,3,3,1,21,5,2,10,9,9,5
54,2,971,1,1,3,3,4,0,54,3,4,5,4,2,17328,5652,6,0,19,3,4,0,29,3,2,20,7,12,7
45,0,805,1,4,2,1,3,1,57,3,2,2,2,1,4447,23163,1,0,12,3,2,0,9,5,2,9,7,0,8
27,2,205,2,10,3,2,4,0,98,2,2,7,4,1,5769,7100,1,1,11,3,4,0,6,3,3,6,2,4,4
45,2,194,1,9,3,1,2,1,60,3,2,2,2,0,2348,10901,8,0,18,3,3,1,20,2,1,17,9,0,15
31,2,196,2,29,4,2,1,0,91,2,2,7,4,1,5468,13402,1,0,14,3,1,2,13,3,3,12,7,5,7
27,2,155,1,4,3,1,2,1,87,4,2,4,2,1,6142,5174,1,1,20,4,2,1,6,0,3,6,2,0,3
44,2,1376,0,1,2,3,2,1,91,2,3,1,1,1,10482,2326,9,0,14,3,4,1,24,1,3,20,6,3,6
35,2,384,2,8,4,1,1,0,72,3,1,8,4,1,2572,20317,1,0,16,3,2,1,3,1,2,3,2,0,2
38,0,152,2,10,3,5,3,0,85,3,2,7,4,2,5666,19899,1,1,13,3,2,0,6,1,3,5,3,1,3
30,2,793,1,16,1,1,2,1,33,3,1,6,4,1,2862,3811,1,0,12,3,2,1,10,2,2,10,0,0,8
20,2,959,1,1,3,1,4,0,83,2,1,6,2,2,2836,11757,1,0,13,3,4,0,1,0,4,1,0,0,0
38,2,268,1,2,5,3,4,1,92,3,1,6,3,1,3057,20471,6,1,13,3,2,1,6,0,1,1,0,0,1
50,1,959,2,1,4,4,4,1,81,3,2,7,3,2,4728,17251,3,1,14,3,4,0,5,4,3,0,0,0,0
27,2,1115,1,3,4,3,1,1,54,2,1,6,4,2,2045,15174,0,0,13,3,4,0,5,0,3,4,2,1,1
36,2,1278,0,8,3,1,1,1,77,2,1,1,1,1,2342,8635,0,0,21,4,3,0,6,3,3,5,4,0,3
42,2,1210,1,2,3,3,3,1,68,2,1,2,2,1,4841,24052,4,0,14,3,2,1,4,3,3,1,0,0,0
58,1,1216,1,15,4,1,1,1,87,3,4,5,3,1,15787,21624,2,1,14,3,2,0,23,3,3,2,2,2,2
33,2,654,1,5,3,1,4,1,34,2,3,0,4,0,7119,21214,4,0,15,3,3,1,9,2,3,3,2,1,2
34,2,1354,1,5,3,3,3,0,45,2,3,3,1,2,11631,5615,2,0,12,3,4,0,14,6,3,11,10,5,8
35,2,802,1,10,3,4,2,1,45,3,1,2,4,0,3917,9541,1,0,20,4,1,1,3,4,2,3,2,1,2
35,2,1029,1,16,3,1,4,0,91,2,3,0,2,2,8606,21195,1,0,19,3,4,0,11,3,1,11,8,3,3
41,2,167,1,12,4,1,2,1,46,3,1,2,4,1,4766,9051,3,1,11,3,1,1,6,4,3,1,0,0,0
43,1,394,2,26,2,1,3,1,92,3,4,3,4,1,16959,19494,1,1,12,3,4,2,25,3,4,25,12,4,12
32,2,374,1,25,4,1,1,1,87,3,1,2,4,2,2795,18016,1,1,24,4,3,0,1,2,1,1,0,0,1
35,2,607,1,9,3,1,4,0,66,2,3,4,3,1,10685,23457,1,1,20,4,2,1,17,2,3,17,14,5,15
31,2,408,1,9,4,1,3,1,42,2,1,6,2,2,2657,7551,0,1,16,3,4,0,3,5,3,2,2,2,2
45,2,1385,1,20,2,3,3,1,79,3,4,0,4,1,13496,7501,0,1,14,3,2,0,21,2,3,20,7,4,10
33,2,1075,0,3,2,0,4,1,57,3,1,1,2,0,2277,22650,3,1,11,3,3,1,7,4,4,4,3,0,3
32,2,604,2,8,3,3,3,1,56,4,2,7,4,1,6209,11693,1,0,15,3,3,2,10,4,4,10,7,0,8
34,1,1003,1,2,2,1,4,1,95,3,2,4,3,2,4033,15834,2,0,11,3,4,0,5,3,2,3,2,0,2
40,1,1184,2,2,4,3,2,1,62,3,2,7,2,1,4327,25440,5,0,12,3,4,3,5,2,3,0,0,0,0
34,0,1065,2,23,4,2,2,1,72,3,2,7,3,2,4568,10034,0,0,20,4,3,0,10,2,3,9,5,8,7
33,0,775,1,4,3,5,4,1,90,3,2,6,2,0,3055,6194,5,0,15,3,4,2,11,2,2,9,8,1,7
32,2,499,2,2,1,2,3,1,36,3,2,7,2,1,4078,20497,0,1,13,3,1,3,4,3,2,3,2,1,2
20,2,654,2,21,3,2,3,1,43,4,1,8,4,2,2678,5050,1,0,17,3,4,0,2,2,3,2,1,2,2
36,2,796,1,12,5,3,4,0,51,2,3,4,4,2,8858,15669,0,0,11,3,2,0,15,2,2,14,8,7,8
27,2,591,1,2,1,3,1,1,40,3,1,2,2,1,3468,16632,9,0,12,3,4,1,6,3,3,2,2,2,2
25,2,949,1,1,3,5,1,1,81,3,1,2,4,1,3229,4910,4,0,11,3,2,1,7,2,2,3,2,0,2
37,2,589,2,9,2,2,2,1,46,2,2,7,2,1,4189,8800,1,0,14,3,1,2,5,2,3,5,2,0,3
46,2,488,2,2,3,5,3,0,75,1,4,3,2,1,16872,14977,3,1,12,3,2,1,28,2,2,7,7,7,7
45,2,1329,1,2,2,4,4,0,59,2,2,4,4,0,5770,5388,1,0,19,3,1,2,10,3,3,10,7,3,9
34,2,1480,2,4,3,1,3,1,64,3,3,7,4,1,9713,24444,2,1,13,3,4,3,9,3,3,5,3,1,0
22,1,1368,1,4,1,5,3,1,99,2,1,2,3,2,3894,9129,5,0,16,3,3,0,4,3,3,2,2,1,2
35,1,200,1,18,2,1,3,1,60,3,3,4,4,2,9362,19944,2,0,11,3,3,0,10,2,3,2,2,2,2
29,2,224,1,1,4,5,1,1,100,2,1,6,1,2,2362,7568,6,0,13,3,3,0,11,2,1,9,7,0,7
40,1,593,1,9,4,3,2,0,88,3,3,5,3,2,13499,13782,9,0,17,3,3,0,20,3,2,18,7,2,13
31,2,359,0,18,5,0,4,1,89,4,1,1,1,1,2956,21495,0,0,17,3,3,0,2,4,3,1,0,0,0
39,2,1132,1,1,3,3,3,1,48,4,3,0,4,0,9613,10942,0,0,17,3,1,3,19,5,2,18,10,3,7
28,2,580,1,27,3,3,2,0,39,1,2,4,1,0,4877,20460,0,0,21,4,2,1,6,5,2,5,3,0,0
33,1,553,1,5,4,1,4,0,74,3,3,3,2,1,11878,23364,6,0,11,3,2,2,12,2,3,10,6,8,8
19,2,1181,1,3,1,3,2,0,79,3,1,2,2,2,1483,16102,1,0,14,3,4,0,1,3,3,1,0,0,0
34,2,182,1,1,4,1,2,0,72,4,1,6,4,2,3280,13551,2,0,16,3,3,0,10,2,3,4,2,1,3
48,2,626,1,1,2,1,1,1,98,2,3,2,3,2,5381,19294,9,1,13,3,4,0,23,2,3,1,0,0,0
39,2,1387,1,10,5,3,2,1,76,3,2,4,1,1,5377,3835,2,0,13,3,4,3,10,3,3,7,7,7,7
31,1,853,1,1,1,1,3,0,96,3,2,4,1,1,4148,11275,1,0,12,3,3,1,4,1,3,4,3,0,3
27,2,199,1,6,3,1,4,1,55,2,1,6,3,1,2539,7950,1,0,13,3,3,1,4,0,3,4,2,2,2
34,2,479,1,7,4,3,1,1,35,3,1,6,4,2,2972,22061,1,0,13,3,3,0,1,4,1,1,0,0,0
24,1,535,2,24,3,3,4,1,38,3,1,8,4,1,2400,5530,0,0,13,3,3,2,3,3,3,2,2,2,1
51,2,1405,1,11,2,5,4,0,82,2,4,4,2,2,13142,24439,3,0,16,3,2,0,29,1,2,5,2,0,3
50,0,881,1,2,4,1,1,1,98,3,4,3,1,0,17924,4544,1,0,11,3,4,1,31,3,3,31,6,14,7
31,2,329,1,1,2,1,4,1,98,2,1,2,1,1,2218,16193,1,0,12,3,3,1,4,3,3,4,2,3,2
36,2,913,1,9,2,3,2,1,48,2,2,4,2,0,8847,13934,2,1,11,3,3,1,13,2,3,3,2,0,2
27,2,1377,2,2,3,1,4,1,74,3,2,7,3,2,4478,5242,1,1,11,3,1,0,5,3,3,5,4,0,4
38,2,371,1,2,3,1,4,1,45,3,1,6,4,2,3944,4306,5,1,11,3,3,0,6,3,3,3,2,1,2
40,2,658,2,10,4,2,1,1,67,2,3,7,2,0,9705,20652,2,0,12,3,2,1,11,2,2,1,0,0,0
43,2,1273,1,2,2,3,4,0,72,4,1,6,3,0,2645,21923,1,0,12,3,4,2,6,3,2,5,3,1,4
27,2,1167,1,4,2,1,1,1,76,3,1,6,3,0,2517,3208,1,0,11,3,2,3,5,2,3,5,3,0,3
28,1,773,1,6,3,1,3,1,39,2,1,6,3,0,2703,22088,1,1,14,3,4,1,3,2,3,3,1,0,2
27,1,1297,1,5,2,1,4,0,53,3,1,2,4,2,2379,19826,0,1,14,3,3,0,6,3,2,5,4,0,2
45,2,192,1,10,2,1,1,1,69,3,1,6,4,1,2654,9655,3,0,21,4,4,2,8,3,2,2,2,0,2
34,1,135,1,19,3,3,3,0,46,3,2,2,2,0,4444,22534,4,0,13,3,3,2,15,2,4,11,8,5,10
27,1,294,1,10,2,1,4,1,32,3,3,4,1,0,8793,4809,1,0,21,4,3,2,9,4,2,9,7,1,7
59,2,1089,2,1,2,5,2,1,66,3,3,3,4,1,11904,11038,3,1,14,3,3,1,14,1,1,6,4,0,4
44,1,1193,1,2,1,3,2,1,86,3,3,4,3,2,10209,19719,5,1,18,3,2,0,16,2,2,2,2,2,2
31,1,1327,1,3,4,3,2,1,73,3,3,5,3,0,13675,13523,9,0,12,3,1,1,9,3,3,2,2,2,2
23,2,977,1,10,3,5,4,1,45,4,1,6,3,1,2073,12826,2,0,16,3,4,1,4,2,3,2,2,2,2
38,2,330,1,17,1,1,3,0,65,2,3,0,3,1,8823,24608,0,0,18,3,1,1,20,4,2,19,9,1,9
43,2,782,1,6,4,4,2,1,50,2,4,5,4,0,16627,2671,4,1,14,3,3,1,21,3,2,1,0,0,0
32,1,967,2,8,3,2,2,0,43,3,3,7,4,2,8998,15589,1,0,14,3,4,0,9,2,3,9,8,3,7
35,1,482,1,4,4,1,3,1,87,3,2,6,3,2,4249,2690,1,1,11,3,2,0,9,3,3,9,6,1,1
19,2,645,1,9,2,1,3,1,54,3,1,6,1,2,2552,7172,1,0,25,4,3,0,1,4,3,1,1,0,0
45,2,930,2,9,3,2,4,1,74,3,3,7,1,0,10761,19239,4,1,12,3,3,1,18,2,3,5,4,0,2
26,1,1283,2,1,3,3,3,1,52,2,2,7,1,2,4294,11148,1,0,12,3,2,0,7,2,3,7,7,0,7
36,0,1434,2,8,4,1,1,1,76,2,3,7,1,2,7587,14229,1,0,15,3,2,0,10,1,3,10,7,0,9
43,2,574,1,11,3,1,1,1,30,3,3,0,3,1,7510,16873,1,0,17,3,2,1,10,1,3,10,9,0,9
22,0,1123,1,16,2,3,4,1,96,4,1,2,4,0,2935,7324,1,1,13,3,2,2,1,2,2,1,0,0,0
19,2,528,2,22,1,2,4,1,50,3,1,8,3,2,1675,26820,1,1,19,3,4,0,0,2,2,0,0,0,0
36,2,429,1,2,4,1,3,0,53,3,2,4,2,2,5410,2323,9,1,11,3,4,0,18,2,3,16,14,5,12
31,1,703,2,2,3,1,3,0,90,2,1,8,4,2,2785,11882,7,0,14,3,3,0,3,3,4,1,0,0,0
36,1,688,1,4,2,1,4,0,97,3,2,4,2,0,5131,9192,7,0,13,3,2,3,18,3,3,4,2,0,2
52,2,699,1,1,4,1,3,1,65,2,5,3,3,1,19999,5678,0,0,14,3,1,1,34,5,3,33,18,11,9
32,2,634,1,5,4,4,2,0,35,4,1,6,4,1,3312,18783,3,0,17,3,4,2,6,3,3,3,2,0,2
39,0,1485,1,25,2,1,3,1,71,3,3,0,3,1,10920,3449,3,0,21,4,2,1,13,2,3,6,4,0,5
52,0,585,2,29,4,1,1,1,40,3,1,8,4,0,3482,19788,2,0,15,3,2,2,16,3,2,9,8,0,0
32,1,585,1,10,3,1,1,1,56,3,1,6,3,1,3433,17360,6,0,13,3,1,1,10,3,2,5,2,1,3
34,1,702,1,16,4,1,3,0,100,2,1,6,4,2,2553,8306,1,0,16,3,3,0,6,3,3,5,2,1,3
31,2,140,1,12,1,3,3,0,95,3,1,6,4,1,3929,6984,8,1,23,4,3,1,7,0,3,4,2,0,2
18,2,812,2,10,3,3,4,0,69,2,1,8,3,2,1200,9724,1,0,12,3,1,0,0,2,3,0,0,0,0
21,2,1343,2,22,1,5,3,1,49,3,1,8,3,2,3447,24444,1,0,11,3,3,0,3,2,3,3,2,1,2
36,2,430,1,2,4,4,4,0,73,3,2,6,2,1,6962,19573,4,1,22,4,4,1,15,2,3,1,0,0,0
24,2,506,1,29,1,3,2,1,91,3,1,2,1,0,3907,3622,1,0,13,3,2,3,6,2,4,6,2,1,2
34,2,678,1,19,3,1,2,0,35,2,1,6,4,1,2929,20338,1,0,12,3,2,0,10,3,3,10,9,8,7
25,2,810,2,8,3,1,4,1,57,4,2,7,2,1,4851,15678,0,0,22,4,3,1,4,4,3,3,2,1,2
28,2,1423,1,1,3,1,1,1,72,2,1,6,3,0,1563,12530,1,0,14,3,4,1,1,2,1,1,0,0,0
24,2,823,1,17,2,4,4,1,94,2,1,2,2,1,2127,9100,1,0,21,4,4,1,1,2,3,1,0,0,0
58,2,1145,1,9,3,3,2,0,75,2,1,6,2,1,3346,11873,4,1,20,4,2,1,9,3,2,1,0,0,0
32,2,334,1,5,2,1,1,1,80,4,1,6,2,0,3298,15053,0,1,12,3,4,2,7,5,2,6,2,0,5
29,1,410,1,2,1,1,4,0,97,3,1,2,2,1,3180,4668,0,0,13,3,3,3,4,3,3,3,2,0,2
29,2,1396,2,10,3,1,3,1,99,3,1,8,3,2,2642,2755,1,0,11,3,3,0,1,6,3,1,0,0,0
44,2,661,1,9,2,1,2,1,61,3,1,6,1,1,2559,7508,1,1,13,3,4,0,8,0,3,8,7,7,1
23,2,1320,1,8,1,3,4,1,93,2,1,2,3,2,3989,20586,1,1,11,3,1,0,5,2,3,5,4,1,2
36,2,329,2,16,4,2,3,0,98,2,2,7,1,1,5647,13494,4,0,13,3,1,2,11,3,2,3,2,0,2
46,2,717,1,13,4,1,3,1,34,3,2,0,2,2,5562,9697,6,0,14,3,4,0,19,3,3,10,7,0,9
40,2,523,1,2,3,1,3,1,98,3,2,6,4,2,4661,22455,1,0,13,3,3,0,9,4,3,9,8,8,8
31,0,976,1,3,2,3,3,1,48,3,1,6,1,0,3065,3995,1,1,13,3,4,1,4,3,4,4,2,2,3
55,2,147,1,20,2,5,2,1,37,3,2,2,4,1,5415,15972,3,1,19,3,4,1,12,4,3,10,7,0,8
26,2,1330,1,21,3,3,1,1,37,3,1,2,3,0,2377,19373,1,0,20,4,3,1,1,0,2,1,1,0,0
59,2,142,1,3,3,1,3,1,70,2,1,6,4,1,2177,8456,3,0,17,3,1,1,7,6,3,1,0,0,0
32,1,1125,1,16,1,1,2,0,72,1,1,6,1,2,3919,4681,1,1,22,4,2,0,10,5,3,10,2,6,7
30,2,413,2,7,1,2,4,1,57,3,1,8,2,2,2983,18398,0,0,14,3,1,0,4,3,3,3,2,1,2
32,2,234,2,1,4,3,2,1,68,2,1,8,2,1,2269,18024,0,0,14,3,2,1,3,2,3,2,2,2,2
29,2,896,1,18,1,3,3,1,86,2,1,6,4,2,2389,14961,1,1,13,3,3,0,4,3,2,4,3,0,1
35,2,890,2,2,3,2,4,0,97,3,1,8,4,1,2014,9687,1,0,13,3,1,0,2,3,3,2,2,2,2
52,2,266,2,2,1,2,1,0,57,1,5,3,4,1,19845,25846,1,0,15,3,4,1,33,3,3,32,14,6,9
40,2,896,1,2,3,3,3,1,68,3,1,6,3,0,2345,8045,2,0,14,3,3,1,8,3,4,3,1,1,2
32,0,1474,2,11,4,4,4,1,60,4,2,7,3,1,4707,23914,8,0,12,3,4,0,6,2,3,4,2,1,2
33,0,1283,2,2,3,2,4,0,62,3,2,7,2,2,5147,10697,8,0,15,3,4,0,13,2,2,11,7,1,7
42,2,300,1,2,3,1,1,1,56,3,5,3,3,1,18880,17312,5,0,11,3,1,0,24,2,2,22,6,4,14
36,2,938,1,2,4,3,3,1,79,3,1,2,3,2,2519,12287,4,0,21,4,3,0,16,6,3,11,8,3,9
48,1,117,1,22,3,3,4,0,58,3,4,3,4,0,17174,2437,3,0,11,3,2,1,24,3,3,22,17,4,7
49,2,1418,1,1,3,5,3,0,36,3,1,6,1,1,3580,10554,2,0,16,3,2,1,7,2,3,4,2,0,2
43,2,244,0,2,3,1,2,1,97,3,1,1,4,2,3539,5033,0,0,13,3,2,0,10,5,3,9,7,1,8
37,2,671,1,19,3,1,3,1,85,3,2,4,3,1,5768,26493,3,0,17,3,1,3,9,2,2,4,3,0,2
45,2,1005,1,28,2,5,4,0,48,2,4,5,2,2,16704,17119,1,0,11,3,3,0,21,2,3,21,6,8,6
55,2,836,1,2,4,5,2,1,98,2,1,6,4,1,2662,7975,8,0,20,4,2,1,19,2,4,5,2,0,4
28,1,1009,1,1,3,3,1,1,45,2,1,2,2,0,2596,7160,1,0,15,3,1,2,1,2,3,1,0,0,0
22,2,1256,1,19,1,3,3,1,80,3,1,6,4,1,2323,11992,1,0,24,4,1,2,2,6,3,2,2,2,2
56,2,206,0,8,4,1,4,1,99,3,5,3,2,2,19717,4022,6,0,14,3,1,0,36,4,3,7,3,7,7
35,1,880,2,12,4,4,4,1,36,3,2,7,4,2,4581,10414,3,1,24,4,1,0,13,2,4,11,9,6,7
49,2,174,2,8,4,5,4,1,56,2,4,7,2,1,13120,11879,6,0,17,3,2,1,22,3,3,9,8,2,3
24,1,897,0,10,3,3,1,1,59,3,1,1,4,1,2145,2097,0,0,14,3,4,1,3,2,3,2,2,2,1
46,2,150,1,2,4,5,4,1,60,3,2,4,4,0,7379,17433,2,0,11,3,3,1,12,3,2,6,3,1,4
45,2,1449,2,2,3,2,1,0,94,1,5,3,2,2,18824,2493,2,1,16,3,1,0,26,2,3,24,10,1,11
53,2,1436,2,6,2,2,2,1,34,3,2,8,3,1,2306,16047,2,1,20,4,4,1,13,3,1,7,7,4,5
45,2,556,1,25,2,1,2,0,93,2,2,4,4,1,5906,23888,0,0,13,3,4,2,10,2,2,9,8,3,8
33,1,1296,1,6,3,1,3,1,30,3,2,0,4,0,7725,5335,3,0,23,4,3,1,15,2,1,13,11,4,7
46,2,563,2,1,4,1,4,1,56,4,4,3,1,2,17567,3156,1,0,15,3,2,0,27,5,1,26,0,0,12
35,2,1370,1,27,4,1,4,1,49,3,2,4,3,1,6883,5151,2,0,16,3,2,1,17,3,3,7,7,0,7
34,2,665,1,6,4,4,1,0,41,3,2,6,3,2,4809,12482,1,0,14,3,3,0,16,3,3,16,13,2,10
24,0,1092,1,9,3,1,3,1,60,2,1,2,2,0,2694,26551,1,0,11,3,3,3,1,4,3,1,0,0,0
35,2,185,1,23,4,3,2,1,91,1,1,2,3,1,2705,9696,0,0,16,3,2,1,6,2,4,5,4,0,3
45,0,336,2,26,3,2,1,1,52,2,2,7,1,1,4385,24162,1,0,15,3,1,1,10,2,3,10,7,4,5
35,0,1097,1,11,2,3,3,1,79,2,3,0,1,1,9884,8302,2,1,13,3,3,1,10,3,3,4,0,2,3
35,2,662,2,1,5,2,3,1,94,3,3,7,2,1,7295,11439,1,0,13,3,1,2,10,3,3,10,8,0,6
41,2,645,2,1,3,2,2,1,49,4,3,7,1,1,8392,19566,1,0,16,3,3,1,10,2,3,10,7,0,7
33,2,501,1,15,2,3,2,0,95,3,2,0,4,1,4878,21653,0,1,13,3,1,1,10,6,3,9,7,8,1
36,1,635,1,18,1,3,2,0,73,3,1,2,4,2,2153,7703,1,0,13,3,1,0,8,2,3,8,1,1,7
23,2,571,1,12,2,4,4,1,78,3,1,2,4,2,2647,13672,1,0,13,3,3,0,5,6,4,5,2,1,4
29,2,1370,1,3,1,3,2,1,87,3,1,2,1,2,4723,16213,1,1,18,3,4,0,10,3,3,10,9,1,5
38,1,216,1,23,3,1,4,1,44,2,3,4,3,2,9526,8787,0,0,21,4,2,0,10,2,3,9,7,1,8
31,2,182,1,8,5,1,1,0,93,3,4,5,2,2,16422,8847,3,0,11,3,3,0,9,3,4,3,2,1,0
43,1,1422,2,2,4,1,1,1,92,3,2,7,4,1,5675,19246,1,0,20,4,3,1,7,5,3,7,7,7,7
24,1,381,1,9,3,3,2,1,89,3,1,2,1,2,3172,16998,2,1,11,3,3,0,4,2,2,0,0,0,0
45,2,561,2,2,3,4,4,1,61,3,2,7,2,1,4805,16177,0,0,19,3,2,1,9,3,4,8,7,3,7
42,2,916,1,17,2,1,4,0,82,4,2,6,1,2,6545,23016,3,1,13,3,3,0,10,1,3,3,2,0,2
31,2,1062,1,24,3,3,3,0,96,2,2,0,1,2,6812,17198,1,0,19,3,2,0,10,2,3,10,9,1,8
28,2,1181,1,1,3,1,3,1,82,3,1,6,4,1,2044,5531,1,0,11,3,3,1,5,6,4,5,3,0,3
32,1,116,1,13,3,4,3,0,77,2,1,2,2,1,2743,7331,1,0,20,4,3,1,2,2,3,2,2,2,2
26,2,157,1,1,3,3,3,1,95,3,1,2,1,2,2867,20006,0,0,13,3,4,0,8,6,2,7,7,7,6
30,1,1012,1,5,4,1,2,1,75,2,1,6,4,0,3761,2373,9,0,12,3,2,1,10,3,2,5,4,0,3
23,2,1309,1,26,1,1,3,1,83,3,1,6,4,0,2904,16092,1,0,12,3,3,2,4,2,2,4,2,0,2
38,2,833,1,18,3,3,2,1,60,1,2,0,4,1,5811,24539,3,1,16,3,3,1,15,2,3,1,0,1,0
32,2,128,1,2,1,5,4,1,84,2,2,2,1,2,2176,19737,4,0,13,3,4,0,9,5,3,6,2,0,4
40,1,1395,1,26,3,3,2,0,54,3,2,6,2,0,5605,8504,1,0,11,3,1,1,20,2,3,20,7,2,13
37,2,446,1,1,4,1,2,0,65,3,2,4,2,1,6447,15701,6,0,12,3,2,1,8,2,2,6,5,4,3
24,0,1269,1,4,1,1,1,1,46,2,1,2,4,1,3162,10778,0,0,17,3,4,0,6,2,2,5,2,3,4
40,2,1322,1,2,4,1,3,1,52,2,1,6,3,2,2809,2725,2,0,14,3,4,0,8,2,3,2,2,2,2
36,0,1351,1,9,4,1,1,1,66,4,1,2,2,1,2810,9238,1,0,22,4,2,0,5,3,3,5,4,0,2
23,2,650,1,9,1,3,2,1,37,3,1,2,1,1,2500,4344,1,0,14,3,4,1,5,2,4,4,3,0,2
44,2,621,1,15,3,3,1,0,73,3,3,0,4,1,7978,14075,1,0,11,3,4,1,10,2,3,10,7,0,5
42,2,622,1,2,4,1,3,0,81,3,2,0,4,1,4089,5718,1,0,13,3,2,2,10,4,3,10,2,2,2
29,2,352,0,6,1,3,4,1,87,2,1,1,2,1,2804,15434,1,0,11,3,4,0,1,3,3,1,0,0,0
40,2,1329,1,7,3,1,1,1,73,3,1,2,1,2,2166,3339,3,1,14,3,2,0,10,3,1,4,2,0,3
30,2,1427,1,2,1,3,2,1,35,2,1,2,4,2,2720,11162,0,0,13,3,4,0,6,3,3,5,3,1,2
30,2,1082,2,12,3,5,2,0,83,3,2,7,3,2,6577,19558,0,0,11,3,2,0,6,6,3,5,4,4,4
42,0,495,1,2,1,1,3,1,37,3,4,3,3,1,17861,26582,0,1,13,3,4,0,21,3,2,20,8,2,10
42,2,419,2,12,4,2,2,1,77,3,2,7,4,0,5087,2900,3,1,12,3,3,2,14,4,3,0,0,0,0
28,2,821,2,5,4,3,1,1,98,3,2,7,4,2,4908,24252,1,0,14,3,2,0,4,3,3,4,2,0,2
26,2,471,1,24,3,5,3,1,66,1,1,2,4,2,2340,23213,1,1,18,3,2,0,1,3,1,1,0,0,0
40,2,989,1,4,1,3,4,0,46,3,5,3,3,1,19033,6499,1,0,14,3,2,1,21,2,3,20,8,9,9
49,2,722,1,25,4,1,3,0,84,3,1,2,1,1,3211,22102,1,0,14,3,4,1,10,3,2,9,6,1,4
26,2,390,1,17,4,3,4,1,62,1,1,2,3,1,2305,6217,1,0,15,3,3,3,3,3,4,3,2,0,2
55,2,436,2,2,1,3,3,1,37,3,2,7,4,2,5160,21519,4,0,16,3,3,0,12,3,2,9,7,7,3
30,2,438,1,18,3,1,1,0,75,3,1,6,3,2,2632,23910,1,0,14,3,3,0,5,4,2,5,4,0,4
50,0,145,2,1,3,1,4,0,95,3,2,7,3,1,6347,24920,0,0,12,3,1,1,19,3,3,18,7,0,13
35,1,662,2,18,4,2,4,0,67,3,2,7,3,1,4614,23288,0,1,18,3,3,1,5,0,2,4,2,3,2
42,0,926,1,21,2,3,3,0,36,3,2,4,3,0,5265,16439,2,0,16,3,2,1,11,5,3,5,3,0,2
33,2,117,1,9,3,3,1,1,60,3,1,6,4,1,2781,6311,0,0,13,3,2,1,15,5,3,14,10,4,10
50,2,797,1,4,1,1,1,1,96,3,5,5,2,0,19144,15815,3,0,14,3,1,2,28,4,2,10,4,1,6
26,2,950,2,4,4,2,4,1,48,2,2,7,4,2,5828,8450,1,1,12,3,2,0,8,0,3,8,7,7,4
29,2,1092,1,1,4,3,1,1,36,3,1,6,4,1,4787,26124,9,1,14,3,2,3,4,3,4,2,2,2,2
39,1,1218,1,1,1,1,2,1,52,3,5,3,3,0,19197,8213,1,1,14,3,3,1,21,3,3,21,8,1,6
56,2,441,1,14,4,1,2,0,72,3,1,6,2,1,4963,4510,9,1,18,3,1,3,7,2,3,5,4,4,3
55,2,1441,1,22,3,5,1,1,94,2,1,6,2,0,3537,23737,5,0,12,3,4,1,8,1,3,4,2,1,2
34,1,878,1,10,4,3,4,1,43,3,1,6,3,0,3815,5972,1,1,17,3,4,1,5,4,4,5,3,2,0
35,2,528,0,8,4,5,3,1,100,3,1,1,3,2,4323,7108,1,0,17,3,2,0,6,2,1,5,4,1,4
33,2,832,1,5,4,1,3,0,63,2,1,6,4,1,2911,14776,1,0,13,3,3,1,2,2,2,2,2,0,2
31,1,754,2,26,4,2,1,1,63,3,2,7,4,1,5617,21075,1,1,11,3,3,0,10,4,3,10,7,0,8
28,0,1103,1,16,3,3,3,1,49,3,1,6,3,2,2144,2122,1,0,14,3,3,0,5,3,2,5,3,1,4
18,1,544,2,3,2,3,2,0,70,3,1,8,4,2,1569,18420,1,1,12,3,3,0,0,2,4,0,0,0,0
36,2,164,2,2,2,3,2,1,61,2,3,7,3,1,7596,3809,1,0,13,3,2,2,10,2,3,10,9,9,0
30,2,1092,1,10,3,3,1,0,64,3,3,4,3,2,9667,2739,9,0,14,3,2,0,9,3,3,7,7,0,2
45,2,1457,1,7,3,3,1,0,83,3,1,6,3,1,4477,20100,4,1,19,3,3,1,7,2,2,3,2,0,2
54,2,1147,2,3,3,2,4,0,52,3,2,7,1,1,5940,17011,2,0,14,3,4,1,16,4,3,6,2,0,5
32,1,379,2,5,2,1,2,1,48,3,2,7,2,1,6524,8891,1,0,14,3,4,1,10,3,3,10,8,5,3
49,1,279,1,8,1,1,3,1,61,2,2,6,2,1,5130,24907,1,0,23,4,4,1,10,3,3,10,7,1,7
54,0,142,0,26,3,0,4,0,30,4,4,3,4,2,17328,13871,2,1,12,3,3,0,23,3,3,5,3,4,4
35,2,1219,2,18,3,3,3,0,86,3,2,7,3,1,4601,6179,1,0,16,3,2,0,5,3,3,5,2,1,0
31,2,1276,1,2,1,3,4,0,59,1,1,2,4,0,1129,17536,1,1,11,3,3,3,1,4,3,1,0,0,0
41,0,256,2,10,2,3,3,1,40,1,2,7,2,2,6151,22074,1,0,13,3,1,0,19,4,3,19,2,11,9
37,2,370,1,10,4,3,4,1,58,3,2,4,1,2,4213,4992,1,0,15,3,2,0,10,4,1,10,3,0,8
32,2,414,2,2,4,2,3,1,82,2,2,7,2,2,9907,26186,7,1,12,3,3,0,7,3,2,2,2,2,2
42,1,1474,1,5,2,4,2,1,97,3,1,2,3,1,2093,9260,4,0,17,3,4,1,8,4,3,2,2,2,0
28,2,329,1,24,3,3,3,1,51,3,1,2,2,1,2408,7324,1,1,17,3,3,3,1,3,3,1,1,0,0
38,1,594,1,2,2,3,3,0,75,2,1,2,2,1,2468,15963,4,0,14,3,2,1,9,4,2,6,1,0,5
21,2,1427,1,18,1,4,4,0,65,3,1,6,4,2,2693,8870,1,0,19,3,1,0,1,3,2,1,0,0,0
35,2,219,1,16,2,4,4,0,44,2,2,4,2,1,4788,25388,0,1,11,3,4,0,4,2,3,3,2,0,2
31,2,1079,2,16,4,2,1,1,70,3,3,7,3,1,8161,19002,2,0,13,3,1,3,10,2,3,1,0,0,0
40,2,750,1,12,3,1,2,0,47,3,2,0,1,0,4448,10748,2,0,12,3,2,1,15,3,3,7,4,7,7
52,2,723,1,8,4,3,3,1,85,2,2,6,2,1,4941,17747,2,0,15,3,1,0,11,3,2,8,2,7,7
37,1,1231,2,21,2,3,3,0,54,3,1,8,4,1,2973,21222,5,0,15,3,2,1,10,3,3,5,4,0,0
31,0,335,1,9,2,3,3,1,46,2,1,6,1,2,2321,10322,0,1,22,4,1,0,4,0,3,3,2,1,2
33,2,867,1,8,4,1,4,1,90,4,1,6,1,1,3143,6076,6,0,19,3,2,1,14,1,3,10,8,7,6
18,0,1124,1,1,3,1,4,0,97,3,1,2,4,2,1611,19305,1,0,15,3,3,0,0,5,4,0,0,0,0
52,1,890,1,25,4,3,3,0,81,2,4,4,4,1,13826,19028,3,0,22,4,3,0,31,3,3,9,8,0,0
42,1,1271,1,2,1,3,2,1,35,3,1,6,4,2,2515,9068,5,1,14,3,4,0,8,2,3,2,1,2,2
27,2,1054,1,8,3,3,3,0,67,3,1,6,4,2,3445,6152,1,0,11,3,3,0,6,5,2,6,2,1,4
37,2,161,1,10,3,1,3,0,42,4,3,5,4,1,13744,15471,1,1,25,4,1,1,16,2,3,16,11,6,8
49,2,1313,2,11,4,2,4,0,80,3,2,7,4,2,4507,8191,3,0,12,3,3,0,8,1,4,5,1,0,4
41,2,337,2,8,3,2,3,0,54,3,2,7,2,1,4393,26841,5,0,21,4,3,1,14,3,3,5,4,1,4
37,2,309,2,10,4,1,4,0,88,2,2,7,4,0,6694,24223,2,1,14,3,3,3,8,5,3,1,0,0,0
29,2,341,2,1,3,3,2,0,48,2,1,8,3,0,2800,23522,6,1,19,3,3,3,5,3,3,3,2,0,2
31,1,667,2,1,4,1,2,0,50,1,1,8,3,2,1359,16154,1,0,12,3,2,0,1,3,3,1,0,0,0
53,2,346,1,6,3,1,4,1,86,3,2,2,4,2,2450,10919,2,0,17,3,4,0,19,4,3,2,2,2,2
38,2,1333,1,1,3,5,4,0,80,3,3,5,1,1,13582,16292,1,0,13,3,2,1,15,3,3,15,12,5,11
37,2,571,1,10,1,1,4,0,82,3,1,6,1,0,2782,19905,0,1,13,3,2,2,6,3,2,5,3,4,3
30,2,1288,2,29,4,5,3,1,33,3,3,7,2,1,9250,17799,3,0,12,3,2,1,9,3,3,4,2,1,3
41,2,548,1,9,4,1,3,1,94,3,1,2,1,0,2289,20520,1,0,20,4,2,2,5,2,3,5,3,0,4
36,2,1040,1,3,2,1,4,1,79,4,2,0,1,0,6842,26308,6,0,20,4,1,1,13,3,3,5,4,0,4
34,2,1442,1,9,3,3,4,0,46,2,3,0,2,2,8621,17654,1,0,14,3,2,0,9,3,4,8,7,7,7
35,2,660,2,7,1,1,4,1,76,3,1,8,3,1,2404,16192,1,0,13,3,1,1,1,3,3,1,0,0,0
28,2,654,1,1,2,1,1,0,67,1,1,6,2,2,2216,3872,7,1,13,3,4,0,10,4,3,7,7,3,7
47,2,1225,2,2,4,1,2,0,47,4,4,3,2,0,15972,21086,6,0,14,3,3,3,29,2,3,3,2,1,2
26,0,265,2,29,2,3,2,1,79,1,2,7,1,2,4969,21813,8,0,18,3,4,0,7,6,3,2,2,2,2
34,2,735,2,3,1,3,4,0,75,2,2,7,4,1,8103,16495,3,1,12,3,3,0,9,3,2,4,2,0,1
31,2,525,2,6,4,3,1,1,66,4,2,7,4,0,5460,6219,4,0,22,4,4,2,13,4,4,7,7,5,7
54,2,1217,1,2,4,5,1,0,60,3,3,5,3,1,13549,24001,9,0,12,3,1,1,16,5,1,4,3,0,3
47,2,465,1,1,3,5,1,1,74,3,1,6,4,1,3420,10205,7,0,12,3,3,1,17,2,2,6,5,1,2
25,2,883,2,26,1,3,3,0,32,3,2,7,4,2,6180,22807,1,0,23,4,2,0,6,5,2,6,5,1,4
55,2,478,1,2,3,3,3,1,60,2,5,5,1,1,19038,19805,8,0,12,3,2,3,34,2,3,1,0,0,0
50,2,804,1,9,3,1,1,1,64,3,1,2,4,1,2380,20165,4,0,18,3,2,0,8,5,3,1,0,0,0
33,2,147,0,2,3,0,2,1,99,3,1,1,3,1,3600,8429,1,0,13,3,4,1,5,2,3,5,4,1,4
44,2,1117,1,2,1,1,1,0,72,4,1,6,4,1,2011,19982,1,0,13,3,4,1,10,5,3,10,5,7,7
48,2,1221,2,7,3,2,3,1,96,3,2,7,1,0,5486,24795,4,0,11,3,1,3,15,3,3,2,2,2,2
22,2,1136,1,5,3,1,4,1,60,4,1,6,2,0,2328,12392,1,1,16,3,1,1,4,2,2,4,2,2,2
54,2,821,1,5,2,3,1,1,86,3,5,5,1,1,19406,8509,4,0,11,3,3,1,24,4,2,4,2,1,2
34,1,618,1,3,1,1,1,1,45,3,2,0,4,2,7756,22266,0,0,17,3,3,0,7,1,2,6,2,0,4
35,2,1361,2,17,4,1,3,1,94,3,2,7,1,1,8966,21026,3,1,15,3,4,3,15,2,3,7,7,1,7
25,2,891,2,4,2,1,2,0,99,2,2,7,4,2,4487,12090,1,1,11,3,2,0,5,3,3,5,4,1,3
50,2,1464,1,2,4,3,2,1,62,3,5,5,3,1,19237,12853,2,1,11,3,4,1,29,2,2,8,1,7,7
26,2,482,1,1,2,1,2,0,90,2,1,6,3,1,2933,14908,1,1,13,3,3,1,1,3,2,1,0,1,0
32,2,371,2,19,3,1,4,1,80,1,3,7,3,1,9610,3840,3,0,13,3,3,1,10,2,1,4,3,0,2
41,2,1283,1,5,5,3,2,1,90,4,1,6,3,1,2127,5561,2,1,12,3,1,0,7,5,2,4,2,0,3
38,2,395,2,9,3,2,2,1,98,2,1,8,2,1,2899,12102,0,0,19,3,4,1,3,3,3,2,2,1,2
28,2,760,2,2,4,2,2,0,81,3,2,7,2,1,4779,3698,1,1,20,4,1,0,8,2,3,8,7,7,5
41,1,1018,2,1,3,2,3,0,66,3,2,7,1,0,4103,4297,0,0,17,3,4,1,10,2,3,9,3,1,7
35,2,622,1,14,4,4,3,1,39,2,1,2,2,0,3743,10074,1,1,24,4,4,1,5,2,1,4,2,0,2
25,2,867,2,19,2,2,3,1,36,2,1,8,2,1,2413,18798,1,1,18,3,3,3,1,2,3,1,0,0,0
58,2,682,2,10,4,3,4,1,37,3,4,7,3,2,13872,24409,0,0,13,3,3,0,38,1,2,37,10,1,8
48,0,1262,1,1,4,3,1,1,35,4,4,3,4,2,16885,16154,2,0,22,4,3,0,27,3,2,5,4,2,1
52,2,319,1,3,3,3,4,1,39,2,3,4,3,1,7969,19609,2,1,14,3,3,0,28,4,3,5,4,0,4
53,2,238,2,1,1,3,4,0,34,3,2,7,1,2,8381,7507,7,0,20,4,4,0,18,2,4,14,7,8,10
49,2,271,1,3,2,3,3,0,43,2,2,2,1,1,4789,23070,4,0,25,4,1,1,10,3,3,3,2,1,2
28,1,1496,2,1,3,5,1,1,92,3,1,8,3,1,2909,15747,3,0,15,3,4,1,5,3,4,3,2,1,2
28,1,193,1,2,3,1,4,1,52,2,1,2,4,1,3867,14222,1,1,12,3,2,1,2,2,3,2,2,2,2
51,2,1323,1,4,4,1,1,1,34,3,1,6,3,1,2461,10332,9,1,12,3,3,3,18,2,4,10,0,2,7
27,1,472,1,1,1,5,3,1,60,2,2,4,1,1,4298,9679,5,0,19,3,3,1,6,1,3,2,2,2,0
26,2,1355,0,25,1,1,3,0,61,3,1,1,3,1,2942,8916,1,0,23,4,4,1,8,3,3,8,7,5,7
44,1,383,2,1,5,2,1,0,79,3,2,7,3,1,4768,9282,7,0,12,3,3,1,11,4,2,1,0,0,0
35,2,464,1,4,2,4,3,1,75,3,1,2,4,0,1951,10910,1,0,12,3,3,1,1,3,3,1,0,0,0
27,2,1377,1,11,1,1,2,1,91,3,1,2,1,1,2099,7679,0,0,14,3,2,0,6,3,4,5,0,1,4
52,2,1323,1,2,3,1,3,0,89,2,1,2,4,2,3212,3300,7,0,15,3,2,0,6,3,2,2,2,2,2
34,0,1362,2,19,3,2,1,1,67,4,2,7,4,2,5304,4652,8,1,13,3,2,0,9,3,2,5,2,0,4
26,2,1449,1,16,4,3,1,1,45,3,1,2,2,0,2373,14180,2,1,13,3,4,1,5,2,3,3,2,0,2
26,2,1349,1,23,3,1,1,0,90,3,1,6,4,0,2886,3032,1,0,22,4,2,2,3,3,1,3,2,0,2
40,2,555,1,2,3,3,2,0,78,2,2,2,3,1,3448,13436,6,0,22,4,2,1,20,3,3,1,0,0,0
47,2,202,1,2,2,4,3,0,33,3,4,3,4,1,16752,12982,1,1,11,3,3,1,26,3,2,26,14,3,0
35,2,737,2,10,3,3,4,1,55,2,3,7,1,1,10306,21530,9,0,17,3,3,0,15,3,3,13,12,6,0
50,1,333,1,22,5,3,3,1,88,1,4,5,4,2,14411,24450,1,1,13,3,4,0,32,2,3,32,6,13,9
35,2,672,1,25,3,5,4,1,78,2,3,4,2,1,10903,9129,3,0,16,3,1,0,16,2,3,13,10,4,8
21,2,546,1,5,1,3,3,1,97,3,1,6,4,2,3117,26009,1,0,18,3,3,0,3,2,3,2,2,2,2
27,2,1354,1,2,4,5,2,1,41,3,1,6,2,1,2226,6073,1,0,11,3,3,1,6,3,2,5,3,1,2
48,2,817,2,2,1,2,2,1,56,4,2,7,2,1,8120,18597,3,0,12,3,4,0,12,3,3,2,2,2,2
36,2,1223,1,8,3,5,3,0,59,3,3,0,3,0,10096,8202,1,0,13,3,2,3,17,2,3,17,14,12,8
28,2,103,1,24,3,1,3,1,50,2,1,2,3,2,2028,12947,5,1,14,3,2,0,6,4,3,4,2,0,3
36,2,311,1,7,3,1,1,1,77,3,1,2,2,2,2013,10950,2,0,11,3,3,0,15,4,3,4,3,1,3
30,2,330,0,1,3,1,3,1,46,3,1,1,3,0,2064,15428,0,0,21,4,1,1,6,3,4,5,3,1,3
48,2,1236,1,1,4,1,4,0,40,2,4,3,1,1,15402,17997,7,0,11,3,1,1,21,3,1,3,2,0,2
55,2,1311,1,2,3,1,3,0,97,3,4,3,4,2,16659,23258,2,1,13,3,3,0,30,2,3,5,4,1,2
55,2,692,1,14,4,3,3,1,61,4,5,5,2,2,18722,13339,8,0,11,3,4,0,36,3,3,24,15,2,15
34,2,1333,2,10,4,1,3,0,87,3,1,8,3,1,2220,18410,1,1,19,3,4,1,1,2,3,1,1,0,0
30,1,334,2,26,4,2,3,0,52,2,2,7,1,2,6696,22967,5,0,15,3,3,0,9,5,2,6,3,0,1
35,2,1204,2,4,3,5,4,1,86,3,3,7,1,2,9582,10333,0,1,22,4,1,0,9,2,3,8,7,4,7
54,1,1050,1,11,4,3,2,0,87,3,4,3,4,0,16032,24456,3,0,20,4,1,1,26,2,3,14,9,1,12
42,0,179,0,2,5,3,4,1,79,4,2,1,1,1,6272,12858,7,0,16,3,1,1,10,3,4,4,3,0,3
29,2,738,1,9,5,4,2,1,30,2,1,2,4,2,3983,7621,0,0,17,3,3,0,4,2,3,3,2,2,2
47,2,955,2,4,2,1,4,0,83,3,2,7,4,2,4163,8571,1,1,17,3,3,0,9,0,3,9,0,0,7
42,1,555,2,26,3,2,3,0,77,3,4,7,2,1,13525,14864,5,0,14,3,4,1,23,2,4,20,4,4,8
31,2,202,1,8,3,1,1,0,34,2,1,6,2,2,1261,22262,1,0,12,3,3,0,1,3,4,1,0,0,0
51,2,942,1,3,3,5,1,0,53,3,3,3,3,1,13116,22984,2,0,11,3,4,0,15,2,3,2,2,2,2
33,2,922,1,1,5,3,1,0,95,4,4,5,3,0,16184,22578,4,0,19,3,3,1,10,2,3,6,1,0,5
39,2,613,1,6,1,3,4,1,42,2,3,0,1,1,9991,21457,4,0,15,3,1,1,9,5,3,7,7,1,7
21,2,984,1,1,1,5,4,0,70,2,1,6,2,2,2070,25326,1,1,11,3,3,0,2,6,4,2,2,2,2
36,2,1403,1,6,3,1,4,1,47,3,1,2,4,1,3210,20251,0,0,11,3,3,1,16,4,3,15,13,10,11
43,2,930,1,6,3,3,1,0,73,2,2,6,3,2,4081,20003,1,1,14,3,1,0,20,3,1,20,7,1,8
49,0,1002,1,18,4,1,4,1,92,3,2,4,4,0,6804,23793,1,1,15,3,1,2,7,0,3,7,7,1,7
27,0,691,1,9,3,3,4,1,57,3,1,6,2,0,2024,5970,6,0,18,3,4,1,6,1,1,2,2,2,2
35,2,583,1,25,4,3,3,0,57,3,3,0,3,0,10388,6975,1,1,11,3,3,1,16,3,2,16,10,10,1
56,1,906,2,6,3,1,3,0,86,4,4,7,1,1,13212,18256,9,0,11,3,4,3,36,0,2,7,7,7,7
30,2,231,2,8,2,4,3,1,62,3,3,7,3,0,7264,9977,5,0,11,3,1,1,10,2,4,8,4,7,7
42,2,1059,1,9,2,4,4,1,93,2,5,3,4,2,19613,26362,8,0,22,4,4,0,24,2,3,1,0,0,1
23,2,310,1,10,1,3,1,1,79,4,1,6,3,2,3505,19630,1,0,18,3,4,0,2,3,3,2,2,0,2
25,2,383,2,9,2,1,1,1,68,2,1,8,1,1,4400,15182,3,0,12,3,1,0,6,2,3,3,2,2,2
24,2,1476,2,4,1,3,4,0,42,3,2,7,3,1,4162,15211,1,1,12,3,3,2,5,3,3,5,4,0,3
29,2,598,1,9,3,1,3,1,91,4,1,6,3,1,2451,22376,6,0,18,3,1,2,5,2,2,1,0,0,0
29,2,121,2,27,3,2,2,0,35,3,3,7,4,1,7639,24525,1,0,22,4,4,3,10,3,2,10,4,1,9
24,2,813,1,1,3,3,2,1,61,3,1,6,4,1,2293,3020,2,1,16,3,1,1,6,2,2,2,0,2,0
43,2,415,2,25,3,3,3,1,79,2,3,7,4,0,10798,5268,5,0,13,3,3,1,18,5,3,1,0,0,0
35,2,1017,1,6,4,1,2,1,82,1,2,6,4,2,6646,19368,1,0,13,3,2,0,17,3,3,17,11,11,8
34,2,704,2,28,3,2,4,0,95,2,2,7,3,1,6712,8978,1,0,21,4,4,2,8,2,3,8,7,1,7
28,2,1404,1,17,3,5,3,1,32,2,1,2,4,0,2367,18779,5,0,12,3,1,1,6,2,2,4,1,0,3
51,2,632,2,21,4,2,3,1,71,3,2,7,4,2,5441,8423,0,1,22,4,4,0,11,2,1,10,7,1,0
33,2,217,2,10,4,2,2,1,43,3,2,7,3,2,5487,10410,1,0,14,3,2,0,10,2,2,10,4,0,9
59,2,326,2,3,3,1,3,0,48,2,2,7,4,2,5171,16490,5,0,17,3,4,0,13,2,3,6,1,0,5
45,2,954,2,2,2,5,2,1,46,1,2,8,3,2,6632,12388,0,0,13,3,1,0,9,3,3,8,7,3,1
28,2,1475,2,13,2,2,4,0,84,3,2,7,3,2,9854,23352,3,1,11,3,4,0,6,0,3,2,0,2,2
20,1,769,2,9,3,2,4,0,54,3,1,8,4,2,2323,17205,1,1,14,3,2,0,2,3,3,2,2,0,2
32,0,976,2,26,4,2,3,1,100,3,2,7,4,1,4465,12069,0,0,18,3,1,0,4,2,3,3,2,2,2
34,2,1346,1,19,2,3,2,1,93,3,1,2,4,0,2661,8758,0,0,11,3,3,1,3,2,3,2,2,1,2
43,1,185,1,10,4,1,3,0,33,3,1,2,4,2,2455,10675,0,0,19,3,1,0,9,5,3,8,7,1,7
32,2,859,1,4,3,1,3,0,98,2,2,4,3,1,6162,19124,1,0,12,3,3,1,14,3,3,14,13,6,8
40,2,759,2,2,2,2,4,0,46,3,2,7,2,0,5715,22553,7,0,12,3,3,2,8,5,3,5,4,1,3
26,2,920,0,20,2,3,4,0,69,3,1,1,2,1,2148,6889,0,1,11,3,3,0,6,3,3,5,1,1,4
41,2,465,1,14,3,1,1,1,56,3,1,6,3,0,2451,4609,4,0,12,3,1,1,13,2,3,9,8,1,8
35,2,982,1,1,4,3,4,1,58,2,1,2,3,1,2258,16340,6,0,12,3,2,1,10,2,3,8,0,1,7
24,0,673,1,11,2,4,1,0,96,4,2,4,3,0,4011,8232,0,0,18,3,4,1,5,5,2,4,2,1,3
53,2,868,2,8,3,2,1,1,73,3,4,7,4,1,11836,22789,5,0,14,3,3,1,28,3,3,2,0,2,2
47,2,1176,0,26,4,1,4,0,98,3,5,3,3,1,19658,5220,3,0,11,3,3,1,27,2,3,5,2,1,0
31,1,874,1,15,3,3,3,1,72,3,1,2,3,1,2610,6233,1,0,12,3,3,1,2,5,2,2,2,2,2
34,0,1375,2,10,3,1,4,1,87,3,2,7,3,0,4001,12313,1,1,14,3,3,1,15,3,3,15,14,0,7
33,2,527,1,1,4,4,4,1,63,3,1,6,4,2,2686,5207,1,1,13,3,3,0,10,2,2,10,9,7,8
32,2,801,2,1,4,2,3,0,48,3,3,7,4,1,10422,24032,1,0,19,3,3,2,14,3,3,14,10,5,7
41,2,263,1,6,3,3,4,1,59,3,1,2,1,2,4721,3119,2,1,13,3,3,0,20,3,3,18,13,2,17
40,0,458,1,16,2,1,3,1,74,3,1,6,3,0,3544,8532,9,0,16,3,2,1,6,0,3,4,2,0,0
51,2,313,1,3,3,3,4,0,98,3,4,0,2,2,13734,7192,3,0,18,3,3,0,21,6,3,7,7,1,0
55,2,267,2,13,4,2,1,1,85,4,4,7,3,2,13695,9277,6,1,17,3,3,0,24,2,2,19,7,3,8
52,2,1053,1,1,2,1,4,1,70,3,4,3,4,1,17099,13829,2,0,15,3,2,1,26,2,2,9,8,7,8
54,2,397,0,19,4,3,3,1,88,3,3,1,2,1,10725,6729,2,0,15,3,3,1,16,1,4,9,7,7,1
23,2,507,1,20,1,1,1,1,97,3,2,2,3,2,2272,24812,0,0,14,3,2,0,5,2,3,4,3,1,2
24,2,691,1,23,3,3,2,1,89,4,1,6,4,1,2725,21630,1,1,11,3,2,2,6,3,3,6,5,1,4
20,2,805,1,3,3,1,1,1,87,2,1,2,3,2,3033,12828,1,0,12,3,1,0,2,2,2,2,2,1,2
38,2,1035,2,3,4,1,2,1,42,3,2,7,4,2,6861,4981,8,1,12,3,3,0,19,1,3,1,0,0,0
29,2,665,1,15,3,1,3,1,60,3,1,6,4,2,2340,22673,1,0,19,3,1,0,6,1,3,6,5,1,5
36,2,1218,2,9,4,1,3,1,82,2,1,8,1,2,3407,6986,7,0,23,4,2,0,10,4,3,5,3,0,3
28,2,1172,2,3,3,3,2,0,78,3,1,8,2,1,2856,3692,1,0,19,3,4,1,1,3,3,1,0,0,0
41,0,509,1,2,4,4,1,0,62,2,2,0,3,2,6811,2112,2,1,17,3,1,0,10,3,3,8,7,0,7
54,2,584,1,22,5,3,2,0,91,3,4,3,3,1,17426,18685,3,0,25,4,3,1,36,6,3,10,8,4,7
35,2,1315,1,22,3,1,2,0,71,4,3,3,2,0,11996,19100,7,0,18,3,2,1,10,6,2,7,7,6,2
55,2,282,1,2,2,3,4,0,58,1,5,3,3,1,19187,6992,4,0,14,3,4,1,23,5,3,19,9,9,11
35,1,146,1,2,4,3,1,1,79,2,1,6,4,2,4930,13970,0,1,14,3,3,0,6,2,4,5,4,1,4
30,1,464,1,4,3,5,3,1,40,3,1,6,4,2,2285,3427,9,1,23,4,3,0,3,4,3,1,0,0,0
45,0,1050,2,9,4,1,2,0,65,2,2,7,3,1,5593,17970,1,0,13,3,4,1,15,2,3,15,10,4,12
39,0,105,1,9,3,1,4,1,87,3,5,3,4,2,19431,15302,2,0,13,3,3,0,21,3,2,6,0,1,3
29,2,144,2,10,1,2,4,0,39,2,2,7,2,0,8268,11866,1,1,14,3,1,2,7,2,3,7,7,1,7
26,1,921,1,1,1,3,1,0,66,2,1,6,3,0,2007,25265,1,0,13,3,3,2,5,5,3,5,3,1,3
29,1,459,1,24,2,1,4,1,73,2,1,6,4,2,2439,14753,1,1,24,4,2,0,1,3,2,1,0,1,0
43,1,957,1,28,3,3,2,0,72,4,1,6,3,2,4739,16090,4,0,12,3,4,0,18,2,3,3,2,1,2
24,2,984,1,17,2,1,4,0,97,3,1,2,2,1,2210,3372,1,0,13,3,1,1,1,3,1,1,0,0,0
35,2,670,1,10,4,3,1,0,51,3,2,0,3,2,6142,4223,3,1,16,3,3,0,10,4,3,5,2,0,4
53,2,1168,2,24,4,1,1,1,66,3,3,7,1,2,10448,5843,6,1,13,3,2,0,15,2,2,2,2,2,2
51,2,432,1,9,4,1,4,1,96,3,1,2,4,1,2075,18725,3,0,23,4,2,2,10,4,3,4,2,0,3
43,1,559,1,10,4,1,3,0,82,2,2,2,3,0,5257,6227,1,0,11,3,2,1,9,3,4,9,7,0,0
23,2,160,1,4,1,3,3,0,51,3,1,2,2,2,3295,12862,1,0,13,3,3,0,3,3,1,3,2,1,2
41,2,1276,2,2,5,1,2,0,91,3,4,3,1,1,16595,5626,7,0,16,3,2,1,22,2,3,18,16,11,8
33,0,750,2,22,2,2,3,1,95,3,2,7,2,1,6146,15480,0,0,13,3,1,1,8,2,4,7,7,0,7
49,2,1495,1,5,4,5,1,1,96,3,2,0,3,1,6651,21534,2,0,14,3,2,1,20,0,2,3,2,1,2
33,2,589,1,28,4,1,2,1,79,3,2,2,3,1,5207,22949,1,1,12,3,2,1,15,3,3,15,14,5,7
35,2,750,1,28,3,1,2,1,46,4,2,2,3,1,3407,25348,1,0,17,3,4,2,10,3,2,10,9,6,8
41,2,447,1,5,3,1,2,1,85,4,2,0,2,2,6870,15530,3,0,12,3,1,0,11,3,1,3,2,1,2
22,1,1256,1,3,4,1,3,1,48,2,1,6,4,1,2853,4223,0,1,11,3,2,1,1,5,3,0,0,0,0
29,2,1378,1,13,2,4,4,1,46,2,2,2,2,1,4025,23679,4,1,13,3,1,1,10,2,3,4,3,0,3
50,2,264,2,9,3,2,3,1,59,3,5,3,3,1,19331,19519,4,1,16,3,3,1,27,2,3,1,0,0,0
